county,crime_rate_per_100000
"St. Louis, MO",1791.995377
"St. Louis, MO",303.36194539999997
"Crittenden, AR",1754.914968
"Alexander, IL",1664.700485
"Kenedy, TX",1456.31068
"De Soto, LA",1447.40243
"Baltimore, MD",1419.5375689999998
"Baltimore, MD",508.01018210000007
"Shelby, TN",1315.0037519999998
"Marlboro, SC",1253.437132
"Storey, NV",1217.656012
"Dillon, SC",1165.583272
"Scott, MO",1163.145839
"Philadelphia, PA",1150.2963300000001
"Pershing, NV",1148.756725
"Greenwood, SC",1140.226324
"Madison, TN",1138.4238300000002
"Davidson, TN",1129.513728
"Marion, IN",1083.5081189999999
"Wayne, MI",1065.188284
"Jackson, MO",1026.623686
"Northwest Arctic, AK",1014.964216
"Pemiscot, MO",998.7095326
"Iberville, LA",974.0162436
"Pulaski, AR",959.9165822999998
"Jefferson, AR",959.1343197999998
"Miller, AR",956.1771347000001
"Muskogee, OK",954.4400666000001
"Barnwell, SC",953.9310095000001
"Tangipahoa, LA",952.8593755
"Marion, SC",941.6313295
"Dillingham, AK",938.1237525
"Dougherty, GA",930.4176661
"Carter, OK",930.0694973999999
"Genesee, MI",922.7783983999999
"Macon, AL",919.3417310000001
"Milwaukee, WI",912.6349471000001
"Richland, SC",911.4452882000002
"Grundy, TN",911.2461105000001
"Greene, AL",903.4766697000001
"Rock, MN",892.8571429
"San Joaquin, CA",887.1644385
"Pottawattamie, IA",873.5225606
"Nolan, TX",871.1844117999999
"Kodiak Island, AK",856.0311284
"Winnebago, IL",854.9331535
"Suffolk, MA",831.2342903
"Saginaw, MI",828.830479
"Dallas, AL",828.6503477000001
"Fulton, GA",826.1767583
"Madison, FL",822.2981632
"Phillips, AR",818.6675817
"Sangamon, IL",817.9969369
"Haywood, TN",812.1158911
"Lucas, OH",810.9662621
"Robeson, NC",809.8427036
"Meade, KS",805.8945428999999
"Escambia, FL",798.51676
"Jefferson, AL",798.3574913
"Nicholas, WV",793.3756981
"Franklin, FL",793.2402137999999
"St. Clair, IL",782.1542957
"Orleans, LA",782.1184796
"Ector, TX",781.9089826000001
"Avoyelles, LA",777.2585293
"Rapides, LA",773.7920330000001
"Sumter, SC",767.644257
"Comanche, OK",766.7864603999999
"Mississippi, AR",763.9897241
"Colleton, SC",762.1467132
"Modoc, CA",754.3456871000001
"Alameda, CA",753.6935735000001
"Sumter, GA",752.455044
"Darlington, SC",746.3016117999999
"Red River, LA",742.0733078
"Lubbock, TX",740.6920961
"Socorro, NM",739.3084622
"Duval, TX",738.8316151
"Bernalillo, NM",738.4818924
"Marion, TX",732.7796776
"Lee, SC",730.3646372999999
"Shasta, CA",725.2206951000001
"Laurens, SC",724.7580365
"North Slope, AK",722.6925459
"Hinds, MS",721.5219335
"Cibola, NM",720.6877628999999
"Tulsa, OK",719.1412721
"Putnam, FL",717.8582747
"Jefferson, TX",710.8948399
"Ohio, WV",706.6572141
"San Francisco, CA",701.4217103999999
"Bamberg, SC",699.9351912000001
"Merced, CA",696.3544912000001
"Harris, TX",696.1038338
"Jim Wells, TX",695.7773512
"Oklahoma, OK",694.8738489
"McKinley, NM",694.3307687999999
"Mississippi, MO",693.1802269
"Alpine, CA",690.2502157
"Calhoun, GA",689.8666258
"Dyer, TN",688.2474551
"Clark, NV",685.1530769999999
"Guadalupe, NM",681.1689739
"San Juan, NM",675.0828044
"Fairfield, SC",675.0616643
"McDonald, MO",673.8186009
"Taylor, FL",673.754211
"Wayne, GA",668.2847357999999
"East Baton Rouge, LA",667.0754469
"Leon, FL",664.1948589
"Lander, NV",663.1299735
"Orange, FL",662.6310837
"Leflore, MS",661.2459265
"Essex, NJ",659.9836619
"Peach, GA",658.9175982999999
"Burke, GA",658.7270427
"Hamilton, TN",658.496643
"Miami-Dade, FL",656.0124347999999
"Columbia, FL",654.3979391
"Crockett, TN",651.0862861
"Lenoir, NC",650.100146
"Hempstead, AR",649.6395835
"Hutchinson, TX",646.2257665
"Richmond, VA",644.9835135
"Richmond, VA",644.9835135
"Richmond, VA",11.16944041
"Richmond, VA",11.16944041
"Jefferson Davis, MS",644.4593237
"Conecuh, AL",644.0599053
"Morehouse, LA",639.3909155
"Early, GA",635.5530259999999
"Henderson, TN",634.6263548
"Richmond, NY",634.123325
"New York, NY",634.0093435
"Jefferson, IL",633.9923403
"Bronx, NY",632.0428157
"Queens, NY",630.3962024
"Kings, NY",630.2492642000001
"Warren, GA",629.7229219
"Nash, NC",628.8580653
"Lauderdale, TN",626.0118726
"Cocke, TN",625.7222582
"Bowie, TX",622.5464503
"Hampton, SC",622.3049784
"Hendry, FL",621.814203
"Duval, FL",621.5464156
"Durham, NC",621.2408853
"Greene, MO",620.7066615
"Jefferson, FL",619.9802734
"Escambia, AL",618.6978385
"Horry, SC",617.6419817000001
"Nueces, TX",616.5739392
"Sedgwick, KS",615.5337693
"Edgecombe, NC",615.3956886
"Montgomery, KS",615.303861
"Caddo, LA",614.7822368
"Graham, AZ",613.6278747
"Madera, CA",612.9051308999999
"Sebastian, AR",612.5237549
"Emanuel, GA",612.2359732000001
"Camden, NJ",610.3101467
"Nye, NV",609.9723385
"Greenlee, AZ",607.8019671
"Alachua, FL",605.2451953
"Union, AR",604.5117216
"Peoria, IL",603.941007
"Madison, AL",603.3578173999999
"Calhoun, MI",602.1686961
"Williamsburg, SC",601.8084495
"Roberts, TX",601.6847172
"Bradley, TN",600.895452
"Anderson, SC",600.0807801
"Denver, CO",599.0808243
"Chester, SC",598.5634477000001
"Lowndes, AL",597.9631879
"Willacy, TX",597.6004743999999
"Cook, IL",596.6569350999999
"Clark, IN",593.2458517000001
"DeKalb, GA",592.9851123
"Potter, TX",592.6303417
"Arkansas, AR",591.1487457999999
"Chicot, AR",591.0895457
"Cochise, AZ",590.856781
"Wyandotte, KS",590.457901
"Turner, GA",590.1155643
"Lake, CA",588.7879737000001
"Luna, NM",588.0206009999999
"Manatee, FL",585.7833537
"Hampden, MA",583.3274487000001
"Haralson, GA",582.5583436000001
"New Castle, DE",581.7888096
"Calhoun, AL",580.7976974
"Jackson, IL",580.1317417
"St. James, LA",579.2570797999999
"Sullivan, TN",578.5625339
"Greenville, SC",577.3131534
"Concordia, LA",577.2429312
"Jefferson, KY",576.7462264
"Kern, CA",575.8432818
"Clayton, GA",575.2781772999999
"Plumas, CA",572.6708732999999
"Emporia, VA",572.6556908
"Kershaw, SC",571.0538102
"Mecosta, MI",570.6597383
"Natchitoches, LA",569.7787317000001
"Eddy, NM",569.6670332
"Union, SC",567.2493757
"West Carroll, LA",566.9428696
"Vermilion, IL",565.1757149
"Rio Arriba, NM",563.9848272999999
"Cumberland, NC",562.7993899
"Hardeman, TN",562.6092907000001
"Independence, AR",562.2077466
"St. Mary, LA",562.1649888999999
"Chambers, AL",562.0279843
"Tehama, CA",561.3968313999999
"Brooks, GA",560.7115236000001
"Champaign, IL",560.2815072999999
"Glynn, GA",559.4542867
"Petersburg, VA",559.3459955
"Norfolk, VA",558.2211677
"Henderson, IL",557.9399142000001
"Sierra, CA",557.9258287
"East Carroll, LA",557.8430070000001
"Claiborne, TN",557.6679341
"Mecklenburg, NC",556.9251355
"Del Norte, CA",556.0937107999999
"Prince George's, MD",555.679764
"Lafayette, LA",554.9178019999999
"Butler, MO",554.7431702
"Sumter, AL",553.8507597
"Maury, TN",552.7632192000001
"Mobile, AL",552.3100664
"St. Landry, LA",551.2018597
"Cumberland, NJ",551.0639921000001
"Tift, GA",551.0599216
"Pinellas, FL",550.6712247
"Roanoke, VA",550.4493982999999
"Roanoke, VA",550.4493982999999
"Roanoke, VA",159.3173945
"Roanoke, VA",159.3173945
"Clarendon, SC",550.1382623
"Chaves, NM",549.9597405000001
"Quitman, GA",549.2184199
"Wicomico, MD",549.080241
"Sacramento, CA",547.6937429
"Andrews, TX",547.6516459
"Stanislaus, CA",547.1073719999999
"Spalding, GA",546.7734102000001
"Victoria, TX",543.1643489
"St. Francis, AR",542.9200293
"Wirt, WV",542.2809693
"Halifax, NC",540.6618899
"Jeff Davis, GA",539.8560384
"Cecil, MD",538.6947691
"Brevard, FL",537.9223453
"Butler, AL",537.8731803999999
"Montgomery, TN",536.6094754
"Beaufort, SC",536.5518686
"Forsyth, NC",535.9614638999999
"Fresno, CA",534.2980847
"Kent, DE",534.1880342000001
"Howard, TX",533.9308933
"Putnam, GA",533.4331571
"Morgan, MO",532.9385639999999
"Anson, NC",531.3252552
"Allen, OH",530.8742806
"Clinch, GA",529.8013245
"Wilkes, GA",529.4705295
"Muskegon, MI",529.2150075000001
"Lincoln, WV",528.7814834
"Gadsden, FL",528.2071265
"Bullock, AL",526.3652599
"Dauphin, PA",525.2143487
"Hill, MT",525.1086432
"Bibb, GA",524.1693111999999
"Knox, TN",522.4662747
"Vance, NC",522.2281735
"Bryan, OK",522.1046922
"Cuyahoga, OH",521.2349405
"Taney, MO",520.7652823
"Martin, NC",519.0092409
"McMinn, TN",517.7585449
"Dallas, AR",516.8284382
"Delaware, PA",516.0390268
"Ward, TX",515.8306652
"Gibson, TN",515.5994096
"Bristol, MA",515.394913
"Oconee, SC",514.3580518
"Etowah, AL",513.8024266
"Pontotoc, OK",513.2659507000001
"Monroe, FL",512.1085513
"Gonzales, TX",512.0126034
"Abbeville, SC",511.8566801
"Galax, VA",511.7270789
"Dorchester, MD",508.2669933
"Lawrence, PA",508.2108515
"Ben Hill, GA",508.1358835
"Kings, CA",508.081611
"Des Moines, IA",506.4229249
"Okeechobee, FL",505.9750826
"Lancaster, SC",504.61110139999994
"Lee, IA",504.45602829999996
"Calcasieu, LA",504.3626086
"Randall, TX",503.66083150000003
"St. Charles, LA",503.6395081
"Baldwin, GA",501.7485176
"Pueblo, CO",501.7002063
"Cherokee, TX",501.1989465
"McNairy, TN",501.1476664
"Lea, NM",501.0137816000001
"Franklin, AL",497.9068882
"Geary, KS",497.53905410000004
"Tallapoosa, AL",497.5365871
"DeWitt, TX",497.48817249999996
"Bay, FL",497.1797905
"Scotland, NC",496.87716860000006
"St. Helena, LA",496.55172410000006
"Washington, LA",495.4867619
"Calhoun, TX",495.27652939999996
"Johnson, TN",495.0770429
"Valencia, NM",492.8949714
"Gregg, TX",492.58681229999996
"Kleberg, TX",492.1965048
"Sheridan, MT",490.73064339999996
"Muscogee, GA",490.5731077
"Nantucket, MA",490.43177230000003
"Decatur, TN",488.80885
"Osceola, FL",488.4356659
"York, SC",488.3795741
"Shawnee, KS",488.1703955
"Pennington, SD",486.94698420000003
"Ingham, MI",485.41281349999997
"Cloud, KS",484.28755920000003
"Bradford, FL",484.1713222
"Douglas, NE",483.3822237
"Colbert, AL",482.3917828
"Passaic, NJ",481.7351959
"Gray, TX",481.7081109
"Portsmouth, VA",481.2639676
"Monroe, AL",481.20165499999996
"Union, NM",480.54919910000007
"Hardin, TN",480.14135360000006
"Clarke, AL",480.0253898
"Pointe Coupee, LA",480.02133430000004
"Crenshaw, AL",479.0504791
"Marion, FL",479.01067699999993
"Palm Beach, FL",478.65754339999995
"Pima, AZ",478.147697
"Multnomah, OR",477.46154400000006
"Georgetown, SC",476.5056254
"Chesterfield, SC",476.22139969999995
"Crisp, GA",475.6599246
"Pottawatomie, OK",473.593974
"De Baca, NM",471.9454641
"Calhoun, SC",471.6041182
"Radford, VA",471.36871510000003
"Broward, FL",470.94805210000004
"Raleigh, WV",470.6150977
"San Miguel, NM",469.50001749999996
"Muscatine, IA",469.2314875
"Dimmit, TX",468.01872069999996
"Lincoln, TN",466.80343710000005
"Okaloosa, FL",464.3699274
"Reno, KS",464.24676739999995
"Decatur, GA",464.1982529
"Hamblen, TN",462.948283
"McCurtain, OK",462.7249357
"Ramsey, MN",462.49008
"Tulare, CA",462.40941730000003
"Ouachita, LA",462.1687364
"Marengo, AL",461.4239643
"Hampshire, WV",460.65259119999996
"Clinton, IA",460.5534903
"Barrow, GA",460.44252869999997
"Erie, NY",459.3060294
"Coffee, TN",459.1712428
"Richmond, NC",459.0022627
"Bourbon, KS",457.8507945
"Atlantic, NJ",457.47511439999994
"White Pine, NV",457.39286069999997
"Sussex, DE",457.297156
"Kanawha, WV",455.36531169999995
"Meigs, TN",454.97467589999997
"Richmond, GA",454.9437385
"Iron, MO",454.3696829
"Newberry, SC",453.0796088000001
"Morris, TX",451.9245753000001
"Florence, SC",451.83118139999993
"Hunt, TX",451.4750482
"Roosevelt, NM",451.01478330000003
"Claiborne, LA",450.4504505
"Canadian, OK",450.35401950000005
"Schenectady, NY",450.00096569999994
"Liberty, TX",449.8940279
"Russell, AL",449.7776286
"Inyo, CA",449.4503709
"Saluda, SC",447.9617739
"Lawrence, MO",447.81982450000004
"Charlottesville, VA",446.45877019999995
"Hamilton, OH",445.8559141
"Los Angeles, CA",444.80081399999995
"Mercer, NJ",444.6376217
"Rutherford, TN",444.08228330000003
"Walker, AL",443.9528471
"Leavenworth, KS",443.81914689999996
"Scott, IA",443.70103
"Benton, MO",443.6932178
"Putnam, TN",443.38660319999997
"Dallas, TX",442.96507199999996
"Anne Arundel, MD",442.11083179999997
"Guilford, NC",441.75993370000003
"Iron, WI",441.7261298
"Hudson, NJ",441.3265847
"Jefferson, LA",440.2358045
"Grenada, MS",439.57060889999997
"Catahoula, LA",439.53897249999994
"Franklin, OH",438.02376219999996
"Alamance, NC",436.59070589999993
"Madison, LA",435.9855789
"Gulf, FL",435.908775
"Monroe, TN",435.2148459
"Randolph, WV",435.15213330000006
"Monterey, CA",435.1415259
"Washington, AR",434.8227901000001
"Laclede, MO",434.5753778
"Solano, CA",434.5697148
"Wilbarger, TX",434.0872744
"Sweetwater, WY",433.27364769999997
"Hemphill, TX",432.9004329
"San Bernardino, CA",432.4902041
"Forest, PA",432.44659939999997
"Tuscaloosa, AL",432.22571339999996
"Berrien, MI",432.20055139999994
"DeSoto, FL",431.67135030000003
"Spartanburg, SC",431.3174256
"Volusia, FL",431.30990419999995
"Bexar, TX",431.06056849999993
"Worcester, MA",430.9694898
"Wichita, TX",430.1498709
"Clay, AL",430.075634
"Black Hawk, IA",430.0393826
"Webb, TX",429.3415113
"Lawrence, TN",428.6734937
"Pierce, WA",428.3049688
"Polk, GA",427.36080419999996
"Kent, MD",426.1933414
"Cowley, KS",425.36736270000006
"Barton, KS",425.31535130000003
"Hockley, TX",424.98937530000006
"Schoolcraft, MI",424.39675030000006
"Webster, IA",423.82032180000004
"Rusk, TX",423.3337063
"Jackson, FL",423.1225216
"Warren, IL",423.1073
"Cumberland, TN",422.85873389999995
"Stone, MO",421.76566439999993
"McLennan, TX",421.56525769999996
"Trousdale, TN",421.56361780000003
"Barnstable, MA",421.41494950000003
"Coffee, GA",421.101342
"Winkler, TX",420.72048380000007
"Wayne, NC",420.603132
"La Salle, LA",419.57095489999995
"White, TN",419.1434233
"Stonewall, TX",418.9944134
"Tipton, TN",418.9263794
"Brazos, TX",418.8734225
"Dorchester, SC",418.1654367
"Finney, KS",417.812281
"Newport News, VA",416.9871443
"Jasper, MO",416.67382599999996
"Tarrant, TX",416.156389
"Cherokee, AL",415.98290269999995
"Cole, MO",415.9115503
"Desha, AR",415.8336665
"Hopewell, VA",415.1062582
"Lake, IN",414.68615710000006
"Orangeburg, SC",414.5499329
"Huerfano, CO",414.17395310000006
"Pike, AL",413.92963199999997
"Polk, MO",413.24982239999997
"Oglethorpe, GA",412.4278251
"Zavala, TX",411.319513
"Dale, AL",410.9534119
"Dallam, TX",410.93949269999996
"Mendocino, CA",410.58812739999996
"Vernon, MO",410.52078860000006
"Lassen, CA",410.4094767
"Maricopa, AZ",410.2097764
"Hennepin, MN",410.08426910000003
"Allegheny, PA",409.4916311
"Ellis, KS",409.4835002
"Ware, GA",408.86051139999995
"Childress, TX",408.7385483
"Hidalgo, NM",408.2509669
"Bartow, GA",407.8085966
"Hardin, IL",406.6012916
"Clay, FL",406.3157144
"Elkhart, IN",405.8575111
"Washington, TN",404.632565
"Bell, TX",402.94575679999997
"Cedar, MO",402.5012578
"Charleston, SC",402.3572772
"Camden, GA",402.1291476
"Greene, TN",401.3652277
"Houston, AL",401.2810125
"Curry, NM",401.2016285
"Contra Costa, CA",400.6561842
"Wilson, NC",400.406529
"Wharton, TX",400.3299689
"Mariposa, CA",399.8873557
"Montgomery, OH",399.5550961
"Pitt, NC",399.3963148
"La Paz, AZ",398.5435938
"Monroe, PA",398.4492785
"Fredericksburg, VA",398.1231338
"Massac, IL",398.06276119999995
"Logan, WV",397.36571539999994
"Montgomery, AL",396.6310625
"Lake, MT",396.31939900000003
"Pulaski, MO",396.2938156
"Kent, MI",395.6892392
"Sequatchie, TN",395.06845580000004
"Robertson, TN",394.75832180000003
"Henry, MO",394.39684480000005
"Clarke, GA",394.1780398
"Dunklin, MO",394.172553
"St. Lucie, FL",393.958833
"Uvalde, TX",393.67154419999997
"Franklin, VA",393.60963189999995
"Franklin, VA",393.60963189999995
"Franklin, VA",108.28082009999999
"Franklin, VA",108.28082009999999
"New Haven, CT",392.9086256
"McMullen, TX",392.67015710000004
"Walker, TX",392.3449148
"Bacon, GA",392.296719
"Smith, TX",391.98445019999997
"Warren, MS",391.9698038
"New Hanover, NC",391.5279907
"Harvey, KS",391.4682939
"El Paso, TX",391.43766360000006
"Garland, AR",388.9969436
"Sierra, NM",388.8696854
"Yuba, CA",388.6010363
"Henry, AL",387.372803
"Lincoln, GA",387.0468327
"Clark, AR",386.93224289999995
"Colquitt, GA",386.8179363
"Roosevelt, MT",386.5168539
"Santa Cruz, CA",386.3870031
"Bienville, LA",386.2384665
"Macon, IL",386.17105
"Jennings, IN",385.96366980000005
"Chatham, GA",385.72875439999996
"Shannon, MO",385.68157169999995
"Jackson, AL",385.26184589999997
"Caddo, OK",385.21321889999996
"Adams, IA",385.2080123
"Liberty, GA",385.1251267
"Panola, MS",383.6986222
"Bedford, TN",383.43391210000004
"Vermilion, LA",383.1029653
"Buchanan, MO",382.6800995
"Terrebonne, LA",382.2650312
"Ford, KS",381.9753583
"Angelina, TX",381.97184389999995
"Berkeley, SC",381.9193898
"Irwin, GA",381.8818288
"Niagara, NY",381.7987482
"DeKalb, AL",381.6202667
"Stephens, GA",381.5753611
"Livingston, LA",381.19251339999994
"Navarro, TX",380.9484158
"Giles, TN",379.18319069999995
"El Paso, CO",379.058506
"Butler, OH",378.9674417
"Jasper, TX",378.6922494
"Pickens, SC",378.0387052
"Warren, TN",377.8306018
"Elbert, GA",377.57028419999995
"Summit, OH",377.428833
"Santa Barbara, CA",377.0969275
"Terrell, GA",376.85657280000004
"San Benito, CA",376.7361111
"Scott, KY",376.39898289999996
"Charles, MD",376.15135019999997
"Allendale, SC",376.05447710000004
"Grimes, TX",376.0378272
"Kalamazoo, MI",375.8885967
"Crawford, GA",375.8797185
"Washoe, NV",375.8089692
"Assumption, LA",375.21024710000006
"Onondaga, NY",374.9036587
"Rock Island, IL",374.8523
"Gaston, NC",374.8448095
"Anderson, TX",374.5382996
"Essex, MA",374.13940069999995
"Atkinson, GA",373.94451150000003
"Henderson, TX",373.68922779999997
"Wyoming, WV",373.6044137
"Hart, GA",373.3396212
"Campbell, TN",372.7819474
"Winston, AL",372.7325437
"Douglas, KS",372.63168939999997
"Mason, IL",371.9820326
"Kent, TX",371.74721189999997
"Sunflower, MS",371.4683716
"Cass, MN",371.2134477
"Columbus, NC",370.3315515
"Fayette, KY",369.9404723
"Seminole, GA",368.92118500000004
"San Diego, CA",368.6724057
"Williams, ND",368.305457
"Brown, TX",368.2216747
"Kay, OK",368.1546249
"Taylor, TX",367.5894928
"Musselshell, MT",367.249946
"Spokane, WA",366.5013204
"Mercer, WV",366.22354160000003
"Rhea, TN",366.0074432
"Marshall, IA",365.9072059
"Chesapeake, VA",365.18035660000004
"Morgan, TN",365.0467716
"Plymouth, MA",365.0020422
"Boone, MO",364.81176769999996
"Lancaster, NE",364.6022704
"Allegany, MD",364.5217013
"Caldwell, TX",364.4983687
"Monroe, AR",364.4884145
"Pratt, KS",364.44624419999997
"Mahoning, OH",364.3065135
"Scurry, TX",364.1197549
"Glacier, MT",363.9275056
"Dixie, FL",363.8644918
"Oregon, MO",363.7686431
"Reynolds, MO",363.69146839999996
"Jackson, AR",363.3267102
"Newton, GA",363.1181305
"Lamar, TX",362.1575689
"Cape Girardeau, MO",362.131402
"Sonoma, CA",362.0019191
"Drew, AR",361.9909502
"Bladen, NC",361.62213360000004
"Walton, FL",361.1617369
"Worcester, MD",360.32545530000004
"Poinsett, AR",360.3230483
"Lincoln, OR",360.30204960000003
"Yakima, WA",359.45013839999996
"Washington, IA",358.8462412
"Atchison, KS",358.23034210000003
"Robertson, TX",357.8794128
"Rockdale, GA",357.8043926
"Navajo, AZ",357.8017555
"Fannin, GA",357.74410770000003
"Henry, VA",357.29897180000006
"Franklin, IL",357.1246365
"Gilpin, CO",357.079093
"Floyd, GA",356.9154987
"Monroe, NY",356.854134
"Amador, CA",355.9790794
"Ouachita, AR",355.9715223
"Boone, AR",355.653011
"Orange, TX",355.6059163
"Santa Fe, NM",355.4397889
"Pasquotank, NC",355.16870510000007
"Chilton, AL",354.94072939999995
"Suwannee, FL",354.415329
"Hillsborough, FL",353.83074039999997
"Obion, TN",353.3455398
"St. Martin, LA",353.25676289999996
"Floyd, TX",353.13001610000003
"Williamson, IL",352.6388142
"Beaufort, NC",351.84560930000004
"Caldwell, MO",351.7643179
"Caroline, MD",351.75725689999996
"Limestone, TX",351.53905510000004
"Elko, NV",351.2522908
"Mitchell, TX",350.98915120000004
"Tillman, OK",350.1491376
"Granville, NC",350.0643501
"Lexington, SC",349.95178119999997
"Providence, RI",348.8705059
"Harrison, TX",348.35391560000005
"Polk, FL",348.309575
"Dickson, TN",348.1478534
"Swisher, TX",347.8036841
"Grant, NM",347.79050739999997
"Cross, AR",347.6179622
"Yuma, AZ",346.4197494
"Bristol, VA",346.0008073
"Napa, CA",345.6237618
"Stokes, NC",345.5825534
"Travis, TX",345.42006180000004
"Blount, TN",345.3265014
"Clinton, MO",345.14607939999996
"Union, NJ",345.0942625
"Lynchburg, VA",344.8099059
"DeKalb, TN",344.395742
"Torrance, NM",343.5770185
"San Patricio, TX",343.22693799999996
"Ste. Genevieve, MO",343.120711
"Anderson, TN",342.85562999999996
"Hughes, SD",342.7004798
"Lauderdale, MS",342.66204799999997
"Hansford, TX",342.0342034
"McCormick, SC",341.8116015
"Coffee, AL",341.591739
"Hamilton, FL",341.3682597
"St. Joseph, IN",341.1958352
"Thomas, GA",340.9926675
"Tunica, MS",340.9090909
"Saline, IL",340.8316292
"Surry, VA",339.98521800000003
"Weakley, TN",339.6226415
"Laurens, GA",339.59040810000005
"Cheatham, TN",339.3092272
"Saline, KS",339.0742734
"Pulaski, IL",338.5240352
"Washington, NC",337.9971703
"Lee, FL",337.9139787
"Pulaski, GA",337.8963784
"Cleveland, OK",337.8629242
"Winn, LA",337.5413488
"Marshall, TN",337.29521360000007
"King, WA",337.2057704
"Grady, OK",337.1519046
"Los Alamos, NM",337.1165299
"Franklin, KY",336.3680309
"Adams, CO",336.32215310000004
"Bastrop, TX",336.30069239999995
"Lanier, GA",336.2797848
"Wilcox, AL",336.0749978
"Tate, MS",334.8253621
"Coconino, AZ",334.70290539999996
"Labette, KS",334.67202139999995
"Lewis, TN",334.420199
"Sutter, CA",333.508128
"Seward, KS",333.47584439999997
"Sevier, TN",333.4402052
"Berkshire, MA",333.371918
"Clay, MS",333.20266560000005
"Washington, CO",333.12513010000004
"Hamilton, IA",333.0721003
"Houston, GA",331.8479188
"Berks, PA",331.78484289999994
"Russell, KS",331.7467186
"Lucas, IA",331.5801509
"Cabell, WV",331.5042262
"Seminole, FL",331.39085539999996
"Aiken, SC",331.3517201
"Crawford, KS",330.97408219999994
"Ashland, WI",330.9190809
"Appanoose, IA",330.9171131
"Manassas, VA",330.8955761
"Albany, NY",330.6781345
"Matagorda, TX",330.67337119999996
"Indiana, PA",330.5031626
"Montgomery, IL",330.4781817
"Minnehaha, SD",329.5479849
"Webster, LA",329.41639219999996
"Marion, AR",328.6670724
"Lamar, GA",328.5260872
"Gordon, GA",328.20991089999995
"Blaine, ID",328.1916639
"San Luis Obispo, CA",327.73483139999996
"Nacogdoches, TX",327.56773300000003
"Talladega, AL",326.77320710000004
"Duplin, NC",326.2099727
"Webster, WV",326.0991791
"Yadkin, NC",325.9897997
"Washington, AL",325.88730219999997
"West Baton Rouge, LA",325.56057460000005
"Lincoln, LA",324.7985827
"Union, TN",324.57334310000005
"Tama, IA",324.3058716
"Citrus, FL",323.82908139999995
"Lake, FL",323.6655694
"Wood, WV",323.4414167
"Lake, TN",323.3734316
"Wilson, TN",323.09647789999997
"Valley, ID",322.7149698
"Craighead, AR",322.205581
"Pierce, GA",322.1037068
"Stillwater, MT",321.95750160000006
"Salt Lake, UT",321.9350184
"Sabine, LA",321.8485661
"Howell, MO",321.8379422
"Shelby, TX",321.80521089999996
"Logan, KS",321.65832739999996
"Putnam, WV",321.270962
"McDowell, WV",320.94270930000005
"Ripley, MO",320.69555299999996
"Dodge, GA",320.4373027
"Swain, NC",320.10243280000003
"McLean, IL",320.0742068
"Waynesboro, VA",319.804355
"Yavapai, AZ",319.80216889999997
"San Augustine, TX",319.3066484
"Beaver, PA",319.1958381
"Pasco, FL",319.03125539999996
"Licking, OH",318.9309577
"Lowndes, GA",318.8210705
"Lee, TX",318.7394756
"Suffolk, VA",318.4490482
"Doniphan, KS",318.4307732
"Ford, IL",318.1029497
"Geneva, AL",318.03045610000004
"Edgar, IL",317.3719376
"Franklin, MA",317.3221381
"Mesa, CO",317.1720184
"Jackson, OR",316.9579707
"Sarasota, FL",316.8309731
"Hidalgo, TX",316.79076860000004
"Lee, GA",316.4665818
"Crawford, AR",316.35301749999996
"Jackson, MI",316.14588849999996
"Franklin, AR",316.06964619999997
"Troup, GA",315.69953510000005
"Pawnee, KS",315.59317169999997
"Marshall, SD",314.9275667
"Danville, VA",314.6339758
"Chariton, MO",314.63030939999993
"Faulkner, AR",314.4338518
"Little River, AR",314.2183818
"Ozark, MO",313.80753139999996
"Harmon, OK",313.6981527
"Cherokee, SC",313.14306160000007
"Rowan, NC",313.03543160000004
"Polk, IA",312.8341713
"Mono, CA",312.6332244
"Chowan, NC",312.3726742
"Lonoke, AR",312.3542465
"Quay, NM",311.7063034
"St. Joseph, MI",311.65933989999996
"Catawba, NC",311.349396
"Adair, OK",310.8948364
"Grant, AR",310.78306230000004
"Henry, TN",310.4625893
"Garfield, WA",310.28368789999996
"Marion, TN",310.1430887
"Craven, NC",310.0804869
"Gunnison, CO",309.5376282
"Vanderburgh, IN",309.26471069999997
"Howard, AR",309.2555776
"Hardy, WV",308.908046
"Kankakee, IL",308.59793080000003
"Indian River, FL",308.46373789999996
"Somerset, MD",308.3012979
"Bates, MO",308.1570997
"Butte, CA",307.98325
"Mahnomen, MN",307.3029646
"Stephens, OK",307.21966210000005
"Wayne, IL",307.00698289999997
"Stewart, TN",306.8402934
"Jefferson, GA",306.37254900000005
"Kearny, KS",305.8883508
"Panola, TX",305.82320899999996
"Pecos, TX",305.7909155
"Hartford, CT",305.5867265
"Woodbury, IA",305.4929991
"Cowlitz, WA",305.3210289
"Lafayette, FL",305.1537071
"Riverside, CA",304.8627551000001
"Sheridan, NE",304.7038659
"Clearfield, PA",304.2846232
"Jackson, TN",303.8985847
"Washington, MS",303.89631299999996
"Adams, IL",303.88797850000003
"Iron, UT",303.548525
"Stark, OH",303.3838352
"Cass, TX",303.32003560000004
"Broome, NY",303.2389361
"Jefferson, TN",303.1291368
"Hertford, NC",302.8938644
"Tyler, TX",302.83265
"Tippecanoe, IN",302.48537519999996
"Bay, MI",302.343867
"Kauai, HI",302.1061112
"Richland, LA",302.05686339999994
"Knox, IL",301.4708706
"Jack, TX",301.4402144
"Carroll, GA",300.8321837
"Midland, TX",300.3934825
"Greene, GA",300.2267018
"Carbon, UT",300.17152660000005
"Walton, GA",299.6944749
"Polk, TN",299.5805872
"Madison, AR",299.34399080000003
"Sullivan, PA",299.1654858
"Banks, GA",298.66956289999996
"Maverick, TX",298.5768433
"Clark, OH",298.16328480000004
"Arapahoe, CO",297.9886998
"Scott, KS",297.9145978
"Mitchell, KS",297.89902789999996
"Jackson, MS",296.90281239999996
"Lyon, NV",296.758927
"Buena Vista, IA",296.5916274
"Wakulla, FL",296.563729
"Ochiltree, TX",296.1317786
"Wayne, IN",296.0540851
"Cass, ND",296.0160659
"Mineral, WV",295.9861392
"Boone, IA",295.85798819999997
"Kootenai, ID",295.2899179
"Hernando, FL",295.22875930000004
"Marion, IL",295.1685568
"Macon, TN",295.1411832
"Sumner, TN",294.869973
"Lawrence, AL",294.7569
"Overton, TN",294.45073610000003
"Washtenaw, MI",294.4331527
"Mille Lacs, MN",294.1973445
"Lake, OR",294.11764710000006
"Colorado, TX",293.9475713
"Grant, WA",293.8679553
"Carteret, NC",293.71365110000005
"Dooly, GA",293.6241611
"Scott, MS",293.5663
"Surry, NC",292.95003419999995
"Davison, SD",292.58941630000004
"Lewis and Clark, MT",292.3260583
"Perry, TN",292.2861863
"Glades, FL",292.2442863
"Jasper, IL",291.90992489999996
"Fairfield, CT",291.83831539999994
"Claiborne, MS",291.7972549
"Missoula, MT",291.5738728
"Union, LA",290.90583599999997
"Mitchell, GA",290.73551749999996
"Macomb, MI",290.72182069999997
"Terry, TX",290.3554893
"Carbon, MT",290.1353965
"Camp, TX",290.018529
"Perry, AR",289.99516669999997
"Lake, MI",289.8296153
"Deer Lodge, MT",289.4200879
"Custer, OK",289.34200219999997
"Franklin, TN",289.3335603
"Grant, KS",289.3081761
"Humboldt, CA",289.23438389999995
"Jasper, SC",289.1584363
"Polk, AR",289.1306478
"Eureka, NV",289.017341
"Clark, WI",288.8920988
"Orange, NY",288.8772924
"Iredell, NC",288.7239617
"Jerome, ID",288.7092476
"Mills, IA",288.6680988
"Jefferson, MS",288.3733124
"Upshur, TX",288.3361749
"Yellowstone, MT",288.0087181
"Blaine, MT",287.7044216
"Crawford, MI",287.68699649999996
"Miller, GA",286.5812542
"Kit Carson, CO",286.176434
"Greene, IL",286.15452339999996
"Allen, IN",285.3884423
"Richland, MT",285.3575887
"Warren, MO",284.8571169
"Hancock, TN",284.4737236
"Elmore, AL",284.2945786
"Chippewa, MI",284.2671077
"Donley, TX",283.9295855
"Washington, IL",283.77630120000003
"Martinsville, VA",283.5332606
"Northampton, NC",283.12299049999996
"Lamb, TX",283.12159710000003
"Barber, KS",282.9997979
"Levy, FL",282.51437799999997
"Toombs, GA",282.33051
"Van Buren, MI",282.28745610000004
"Humboldt, NV",282.2092956
"Pettis, MO",281.9571141
"Mingo, WV",281.85328189999996
"St. Johns, FL",281.4254437
"Luzerne, PA",281.15950180000004
"Barry, MO",281.119982
"Broadwater, MT",281.0962755
"Greene, AR",280.762002
"Washington, FL",280.214425
"Marion, AL",280.2136217
"Yazoo, MS",279.7403436
"Scott, IN",279.4927415
"Jasper, GA",279.39122119999996
"Harford, MD",279.2769296
"Glenn, CA",279.1696492
"Rensselaer, NY",278.89293260000005
"Warren, IA",278.8575292
"Crook, OR",278.64520780000004
"Imperial, CA",278.62093960000004
"Hall, NE",278.3267457
"Butts, GA",278.2415136
"Brown, WI",278.09856
"Grand, UT",277.77777779999997
"Houston, TN",277.3757839
"Catron, NM",277.2387025
"Mayes, OK",276.933634
"Pocahontas, WV",276.8485408
"Luce, MI",276.837896
"Benewah, ID",276.42636
"Mason, MI",276.1754938
"Hardee, FL",276.172826
"Jackson, OK",275.9889604
"Bethel, AK",275.93197430000004
"Burleigh, ND",275.8402388
"Franklin, KS",275.8352758
"Douglas, GA",275.7022709
"Bradley, AR",275.58005160000005
"Washington, OK",275.3165171
"Montour, PA",275.06606980000004
"Weld, CO",274.29249219999997
"Rockingham, NC",274.2767583
"Yell, AR",274.0602019
"Tom Green, TX",274.0226525
"Coles, IL",273.7583105
"Meriwether, GA",273.1725697
"Decatur, KS",273.03754269999996
"Garfield, OK",273.0178104
"Twin Falls, ID",272.6465475
"Choctaw, OK",272.515786
"Josephine, OR",272.4893765
"Person, NC",272.43100110000006
"Clallam, WA",272.43057860000005
"Malheur, OR",272.3186456
"Goshen, WY",271.8189833
"Yolo, CA",271.7590533
"Taylor, GA",271.73913039999996
"Cherokee, KS",271.71322339999995
"Warren, PA",271.49321269999996
"Highlands, FL",271.47188989999995
"Telfair, GA",271.2313905
"Monongalia, WV",270.84107400000005
"Hill, TX",269.9365362
"Fayette, WV",269.74275750000004
"Flathead, MT",269.69527660000006
"Marshall, OK",268.95171380000005
"Kitsap, WA",268.93151889999996
"St. Francois, MO",268.8212641
"Preston, WV",268.7616291
"Woodward, OK",268.6018567
"McKenzie, ND",268.4131415
"Randolph, AL",268.4032208
"Comal, TX",268.3997299
"Conway, AR",268.2984232
"Otero, NM",268.2272616
"White, IL",268.0596605
"Galveston, TX",267.9427085
"Mason, WA",267.78187349999996
"Caswell, NC",267.35661919999995
"Benton, AR",267.1757334
"Essex, VA",267.1653754
"Howard, IN",267.037216
"Salem, NJ",267.0104042
"Osage, OK",266.7389085
"Ottawa, OK",266.7080167
"Cape May, NJ",265.9102996
"Clear Creek, CO",265.7513011
"Marshall, MS",265.6442558
"Phelps, MO",265.58350260000003
"Dare, NC",265.5701191
"Wayne, WV",265.4632333
"Santa Clara, CA",265.4076897
"Warrick, IN",265.360612
"Monroe, MI",265.3348939
"Wright, MO",265.2519894
"Cobb, GA",264.2256585
"Whitfield, GA",264.2187576
"Carbon, PA",263.9459142
"Haywood, NC",263.5892064
"St. Clair, MO",263.518499
"Chambers, TX",263.5010323
"Worth, GA",263.0219342
"Lauderdale, AL",262.9395347
"Delta, MI",262.837014
"Linn, KS",262.7154267
"Martin, FL",262.4567806
"Warren, NC",262.454435
"Barbour, WV",262.37328560000003
"Hartley, TX",262.295082
"Delaware, IN",262.16335840000005
"Sequoyah, OK",262.0214469
"Lumpkin, GA",261.9833107
"Callaway, MO",261.502739
"Starr, TX",261.446347
"Butte, SD",261.374637
"Madison, IN",261.3387287
"Le Flore, OK",261.18053599999996
"Harrison, WV",260.97546830000005
"Page, IA",260.9304398
"Bennett, SD",260.7184241
"Sandoval, NM",260.6626396
"Wexford, MI",260.3767805
"Shoshone, ID",260.0472813
"Wayne, TN",259.7555936
"Garvin, OK",259.7497622
"Polk, MN",259.7484874
"Lehigh, PA",259.65102
"Monroe, IN",259.35949480000005
"Chase, KS",259.25925930000005
"St. Clair, MI",259.2401025
"Cherry, NE",259.1568763
"Christian, KY",258.875241
"Cameron, TX",258.8214994
"DeKalb, IL",258.7334473
"Washington, MD",258.71059180000003
"Covington, AL",258.67074909999997
"Clinton, IN",258.2330781
"Silver Bow, MT",257.79914840000004
"Oneida, NY",257.7220284
"Union, FL",257.6638478
"Macon, MO",257.3340196
"Flagler, FL",257.11312979999997
"Logan, IL",256.97503670000003
"Smith, TN",256.8942015
"Frederick, MD",256.8255533
"Maui, HI",256.5511042
"Candler, GA",256.0117034
"Kalkaska, MI",255.8734589
"Snyder, PA",255.86353939999998
"Morgan, AL",254.6186147
"Harnett, NC",254.42646040000002
"Sumner, KS",254.33427999999998
"Pope, AR",254.20883500000002
"Grayson, TX",254.1825701
"Blair, PA",254.1286002
"Fremont, CO",254.0311296
"Van Buren, AR",253.95700449999998
"Franklin, WA",253.9301461
"Lincoln, NM",253.66824169999998
"Lowndes, MS",253.6630954
"Johnson, TX",253.3821999
"Newton, MO",253.2075792
"Uintah, UT",253.12895509999998
"Franklin, MS",252.17500950000002
"Fergus, MT",252.15198680000003
"Westchester, NY",251.85744869999996
"Benton, TN",251.6881522
"Hampton, VA",251.6477809
"Autauga, AL",251.6019259
"Marion, WV",251.4595203
"Fentress, TN",251.270311
"Clay, SD",251.1661285
"Heard, GA",250.9084617
"Chemung, NY",250.8304522
"Bedford, PA",250.7389665
"Franklin, NC",250.56215869999997
"Kanabec, MN",250.06251559999998
"Newaygo, MI",249.9947918
"Saline, AR",249.99125899999999
"Scott, TN",249.82966159999998
"Ogemaw, MI",249.5996986
"York, PA",249.22260319999995
"Roane, TN",248.83593790000003
"Park, MT",248.6927688
"Woodson, KS",248.37007140000003
"Chester, TN",248.25356499999998
"Racine, WI",248.1529525
"Carroll, AR",248.13003450000002
"Wake, NC",248.0783423
"Erie, PA",247.9539341
"Osage, KS",247.8007682
"Codington, SD",247.7291495
"Carbon, WY",247.65049530000002
"Fort Bend, TX",247.560798
"Nevada, CA",247.45417519999998
"Ray, MO",247.40657149999998
"Mercer, IL",247.249351
"Washington, GA",246.6627974
"Lee, AL",246.46697540000002
"Marshall, WV",246.46477090000002
"Stone, AR",246.4033066
"Park, WY",246.34755530000004
"Aransas, TX",246.3458696
"Adams, MS",246.1826114
"Bent, CO",246.13220819999998
"Crawford, IL",246.090746
"Pittsburg, OK",246.06849649999998
"Screven, GA",245.7865169
"San Jacinto, TX",245.7551385
"Johnson, GA",245.72540189999998
"Clay, NC",245.6538171
"Marion, MO",245.6407418
"Cleburne, AR",245.26979680000002
"Haskell, OK",245.1731535
"Gila, AZ",245.03798089999998
"Wagoner, OK",244.3857332
"Ashley, AR",244.3264577
"El Dorado, CA",244.30908399999998
"Mackinac, MI",244.100895
"Collier, FL",244.0805319
"Maries, MO",243.95653140000002
"Moore, TX",243.8914232
"Jackson, IN",243.868771
"St. Louis, MN",243.8416276
"Allen, KS",243.82810120000002
"Hillsborough, NH",243.5734
"Holmes, FL",243.44474309999998
"Florence, WI",243.3628319
"Hampshire, MA",243.1138625
"Franklin, LA",243.06061929999998
"Johnson, IA",242.8946139
"Berkeley, WV",242.85688
"Lincoln, SD",242.6892374
"Blue Earth, MN",242.64436580000003
"Linn, MO",242.56144890000002
"Pike, MS",242.4151547
"Pottawatomie, KS",242.3868494
"Pawnee, OK",242.23339190000002
"Charlotte, FL",242.20571099999998
"Saguache, CO",241.6237113
"Haskell, KS",241.4875634
"Douglas, IL",241.36370490000002
"Hawkins, TN",241.1971831
"Beltrami, MN",240.8583315
"Osceola, MI",240.76701490000002
"Elmore, ID",240.7336645
"Esmeralda, NV",240.3846154
"Caldwell, LA",240.26429069999998
"Palo Pinto, TX",240.2380867
"Riley, KS",240.0721543
"Edwards, IL",239.8081535
"Freestone, TX",239.23444980000002
"Lyon, IA",239.0710383
"Cleveland, NC",239.05942480000002
"Hickman, TN",239.0077059
"Rock, WI",238.8965963
"Buncombe, NC",238.79441090000003
"Tooele, UT",238.63598959999996
"Carroll, TN",238.4877074
"Yankton, SD",237.9273881
"Beadle, SD",237.83185840000002
"Lawrence, IN",237.76284790000003
"Wells, ND",237.7555873
"Cullman, AL",237.59141699999998
"Converse, WY",237.5462866
"Honolulu, HI",237.53621260000003
"Siskiyou, CA",237.4483436
"Sullivan, NY",237.3964651
"Neosho, KS",237.3706634
"Manistee, MI",237.2188139
"Jackson, NC",237.0536914
"Laramie, WY",236.9297248
"Baker, FL",236.92296299999998
"Union, NC",236.89108650000003
"Cascade, MT",236.69644590000001
"Johnson, IL",236.64904950000002
"Blaine, OK",236.6255144
"Lane, OR",236.3760906
"Tazewell, IL",236.15348509999998
"Aleutians West, AK",235.8918527
"Marion, OR",235.7747193
"Polk, OR",235.69549700000002
"Bannock, ID",235.43826349999998
"San Mateo, CA",235.35771290000002
"Sheridan, KS",235.01762630000002
"Trumbull, OH",234.93281409999997
"Itasca, MN",234.8345185
"Wilkes, NC",234.7043739
"Talbot, MD",234.6365769
"St. Mary's, MD",234.41846890000002
"Payette, ID",234.40955330000003
"Murray, GA",234.29342709999997
"Kane, UT",234.1597796
"Walla Walla, WA",233.4957164
"Van Buren, TN",232.8497224
"Golden Valley, MT",232.8288708
"Windham, VT",232.5740475
"Lane, KS",232.5581395
"Nome, AK",232.5111201
"Colonial Heights, VA",232.50538730000002
"Henry, IA",232.4201365
"Loudon, TN",231.9219791
"Lackawanna, PA",231.8504565
"Jones, TX",231.6330127
"Johnson, IN",231.55941869999998
"Mower, MN",231.3931904
"Graham, KS",231.39220980000002
"Deschutes, OR",231.3894212
"Cooke, TX",231.36714590000003
"Lincoln, MT",231.24357659999998
"Fayette, PA",231.1128231
"Morgan, IL",230.9863975
"Garrett, MD",230.85416040000004
"Adams, WA",230.7651964
"Fayette, AL",230.64640130000004
"McKean, PA",230.3450522
"Dade, GA",230.2053674
"Eastland, TX",230.2000548
"Montezuma, CO",230.0912565
"Chautauqua, NY",229.18545240000003
"Vigo, IN",229.01256800000002
"Sherman, KS",228.9452167
"Payne, OK",228.9226722
"Wapello, IA",228.8717471
"Clark, IL",228.64911630000003
"Jefferson, KS",228.5653537
"Kaufman, TX",228.4282662
"Keweenaw, MI",228.20629849999997
"Wichita, KS",228.1021898
"Baldwin, AL",228.086325
"Butler, KS",227.95313280000002
"Shiawassee, MI",227.8664731
"Livingston, IL",227.8321898
"Dutchess, NY",227.6738202
"Jones, MS",227.66491209999998
"Klamath, OR",227.58306780000004
"Grand Forks, ND",226.9474841
"Calaveras, CA",226.88981239999998
"Madison, IL",226.7751894
"Thomas, KS",226.47206839999998
"Cambria, PA",226.33613050000002
"Jefferson, CO",226.16972149999998
"Asotin, WA",226.14201719999997
"Poweshiek, IA",225.79431209999998
"Larimer, CO",225.6414801
"Waller, TX",225.59883219999998
"Northumberland, PA",225.3497173
"Cass, IL",225.15761030000002
"Cannon, TN",225.04537209999998
"Calhoun, WV",224.7488102
"Bossier, LA",224.5140241
"Pender, NC",224.09368560000001
"Boyle, KY",224.03750040000003
"Mercer, PA",223.96805419999998
"Gilmer, GA",223.9406557
"Gladwin, MI",223.59078959999997
"Covington, VA",223.4444826
"Wilcox, GA",223.21428569999998
"Boone, WV",222.91941880000002
"Benton, WA",222.7811324
"Morton, KS",222.7171492
"Vernon, LA",222.4080903
"Sanilac, MI",222.365684
"Fond du Lac, WI",222.0082909
"Burnett, WI",221.74395099999998
"Terrell, TX",221.48394240000002
"Gwinnett, GA",221.22555
"Boise, ID",220.75055189999998
"Hawaii, HI",220.6256125
"Winchester, VA",220.4585538
"Dane, WI",220.2224188
"Barton, MO",219.9592668
"Rush, KS",219.7112367
"Russell, VA",219.36031699999998
"Milam, TX",219.3073199
"Clare, MI",219.17628969999998
"Live Oak, TX",219.09496919999998
"Creek, OK",218.53270899999998
"Rich, UT",218.53146850000002
"Walker, GA",218.4814804
"Orange, CA",217.9900031
"Harrisonburg, VA",217.9200311
"New Madrid, MO",217.8056085
"Bibb, AL",217.66169150000002
"Wheeler, OR",217.23388849999998
"Cook, GA",216.805344
"Kingman, KS",216.7261601
"Canyon, ID",216.72340359999998
"Pickens, AL",216.4836864
"Douglas, WI",216.46501239999998
"Richland, IL",216.28970460000002
"Dunn, ND",216.24219130000003
"San Saba, TX",216.2341983
"Polk, WI",216.21124300000002
"St. Bernard, LA",216.18140840000004
"Nevada, AR",215.9336288
"Lebanon, PA",215.5204228
"Colusa, CA",215.3759715
"Anderson, KS",215.2716221
"Pulaski, IN",215.26870150000002
"Adair, MO",215.0789926
"Big Horn, MT",214.6909983
"Powell, MT",214.5002145
"Isabella, MI",214.37901069999998
"Simpson, KY",213.56713309999998
"Runnels, TX",213.405762
"Hale, TX",212.50419419999997
"Lyon, KS",211.8770516
"Sedgwick, CO",211.86440679999998
"Dawson, MT",211.75224989999998
"Middlesex, MA",211.2954517
"Ketchikan Gateway, AK",211.23169930000003
"Tyler, WV",211.22846030000002
"Okanogan, WA",211.20093219999998
"Thurston, WA",211.13770449999998
"Blount, AL",210.8100636
"Clark, WA",210.6724168
"Grant, ND",210.3491796
"Cumberland, IL",210.25687909999996
"Piscataquis, ME",210.2312544
"Onslow, NC",210.02051609999998
"Dent, MO",209.7902098
"Baker, GA",209.51810840000002
"Jefferson, WA",209.46934430000002
"Custer, MT",209.18751569999998
"Pulaski, VA",208.65331669999998
"Zapata, TX",208.47810980000003
"Pamlico, NC",208.4459199
"Nowata, OK",208.4320227
"Iosco, MI",208.4234535
"New London, CT",208.2801386
"Spotsylvania, VA",208.0912146
"Washington, TX",207.9245615
"Whatcom, WA",207.8961779
"Dinwiddie, VA",207.8555046
"Brantley, GA",207.741089
"Belknap, NH",207.7136543
"Camden, MO",207.46887969999997
"Brooks, TX",207.2682051
"Henderson, KY",207.13314780000002
"Stearns, MN",207.1114852
"Morton, ND",206.96792
"Crowley, CO",206.68921459999999
"Ada, ID",206.5004418
"Lewis, WA",206.4437075
"Oakland, MI",206.391478
"Marion, OH",206.357636
"Weber, UT",206.2728755
"Teller, CO",206.2298604
"Wabash, IL",205.74367769999998
"Lenawee, MI",205.6700407
"Polk, TX",205.2849967
"Johnson, AR",205.0607444
"Brule, SD",204.9944092
"Logan, CO",204.8997773
"Roberts, SD",204.85806259999998
"Pushmataha, OK",204.7538503
"Roane, WV",204.6943231
"Comanche, KS",204.6035806
"Murray, OK",204.2007001
"Schuylkill, PA",204.192758
"Fayette, TN",204.1871285
"Brown, IL",204.08163269999997
"Amelia, VA",204.00156919999998
"St. Clair, AL",203.9208416
"Branch, MI",203.8992875
"Lincoln, OK",203.7786382
"Kiowa, OK",203.4043464
"Ellsworth, KS",203.18849640000002
"Montgomery, NC",203.1119655
"Humphreys, TN",202.817519
"Pine, MN",202.7212754
"Titus, TX",202.57205119999998
"Harrison, MS",202.5445293
"Greene, NY",202.24950990000002
"Clay, KS",202.2364977
"Coffey, KS",202.0922492
"Izard, AR",201.9748654
"Jefferson, MO",201.9006667
"Bedford, VA",201.7484869
"Bedford, VA",201.7484869
"Bedford, VA",55.85392052
"Bedford, VA",55.85392052
"Van Buren, IA",201.72135559999998
"Hays, TX",201.67475259999998
"Carroll, OH",201.5915119
"Strafford, NH",201.4559405
"Ravalli, MT",200.8671582
"Greene, PA",200.856282
"Allegan, MI",200.8335481
"Snohomish, WA",200.8277105
"Catoosa, GA",200.57876930000003
"Owyhee, ID",200.488145
"McCracken, KY",200.3885396
"Richland, OH",200.37282480000002
"McDonough, IL",200.2217841
"Crawford, MO",199.6495946
"Lunenburg, VA",199.5689311
"Kenosha, WI",199.0975041
"Swift, MN",199.0362455
"Cochran, TX",198.93899199999998
"Taylor, KY",198.791026
"White, AR",198.7691602
"Moore, NC",198.71815869999998
"Kenton, KY",198.59634069999998
"Warren, KY",198.5300329
"Ventura, CA",198.18489319999998
"Walsh, ND",198.1268012
"Stoddard, MO",198.11954330000003
"Miami, KS",197.9594944
"Wilson, KS",197.693575
"Beaver, OK",197.6284585
"Linn, IA",197.120924
"Archuleta, CO",196.8181073
"Pinal, AZ",196.481315
"Mahaska, IA",196.27960919999998
"Grays Harbor, WA",195.5598075
"Washington, PA",195.4794771
"Ness, KS",195.2489424
"Mineral, NV",195.0585176
"Bremer, IA",194.9317739
"Gilchrist, FL",194.90874730000002
"Tuolumne, CA",194.89920930000002
"Otsego, MI",194.78635669999997
"Muskingum, OH",194.7648156
"Herkimer, NY",194.76168959999998
"Sussex, VA",194.7502117
"Logan, AR",194.7287383
"Cherokee, NC",194.72407969999998
"Northampton, PA",194.46881330000002
"Skagit, WA",194.383904
"Berrien, GA",194.2461151
"Austin, TX",194.1276389
"Clark, KY",193.7440332
"Cherokee, OK",193.68140449999999
"Guadalupe, TX",193.4587207
"Cleburne, AL",193.4106976
"Fannin, TX",193.11328319999998
"Braxton, WV",193.076817
"Cumberland, VA",193.06981000000002
"Edgefield, SC",192.91874719999998
"Macon, GA",192.7332429
"Wright, IA",192.7227875
"Coosa, AL",192.6959075
"Pickens, GA",192.6717144
"Cooper, MO",192.66730890000002
"Ross, OH",192.5298421
"Juneau, WI",192.11210309999998
"Queen Anne's, MD",191.68538859999998
"Dodge, MN",191.6556096
"Refugio, TX",191.6495551
"Hamilton, KS",191.64430819999998
"Roscommon, MI",191.5549263
"Davidson, NC",191.5310244
"Dukes, MA",191.2378303
"Marion, MS",190.9854851
"Caribou, ID",190.95182140000003
"Rabun, GA",190.9454881
"Hillsdale, MI",190.88523030000002
"Calhoun, AR",190.8032818
"Redwood, MN",190.5487805
"Franklin, VT",190.4998551
"Howard, MD",190.4261606
"Columbia, AR",190.3658335
"Pierce, WI",190.35532990000002
"Cattaraugus, NY",190.1333469
"Accomack, VA",190.0567153
"Brown, SD",189.93853380000002
"Rains, TX",189.7876186
"Marin, CA",189.65417140000002
"Winnebago, WI",189.3347332
"Koochiching, MN",189.30789040000002
"Butte, ID",189.2505678
"Floyd, IN",188.8673207
"Falls, TX",188.6468873
"Lincoln, NE",188.62167490000002
"Sampson, NC",188.6204209
"Crane, TX",188.5606537
"Dawson, TX",188.26937
"Warren, NY",188.2547408
"Hettinger, ND",187.9699248
"Cass, MO",187.79622619999998
"Sawyer, WI",187.73087869999998
"Natrona, WY",187.7168933
"Okmulgee, OK",187.6362899
"Franklin, MO",187.59330559999998
"Wheatland, MT",187.4414246
"Moody, SD",187.38288569999997
"Lawrence, OH",187.3475782
"Haskell, TX",187.2340426
"Monroe, IA",187.21917119999998
"White, GA",187.0705472
"Churchill, NV",187.00910109999998
"Bonneville, ID",186.9471804
"Gallatin, MT",186.8665541
"Campbell, KY",186.83782480000002
"Marshall, AL",186.7876741
"Van Zandt, TX",186.7342467
"Erie, OH",186.7241742
"Blanco, TX",186.5149678
"Floyd, IA",186.4280388
"Coos, OR",186.2496387
"Menard, TX",186.21973930000001
"Gooding, ID",185.67639259999999
"McIntosh, OK",185.4291709
"Montcalm, MI",185.40527690000002
"Lafourche, LA",185.2976601
"Carroll, NH",185.2670583
"Placer, CA",185.130231
"Norfolk, MA",185.0823347
"Box Elder, UT",185.0612277
"Coryell, TX",185.0587988
"St. Tammany, LA",184.8695803
"Montgomery, MD",184.719434
"Sandusky, OH",184.6983261
"Taos, NM",184.65264109999998
"Mecklenburg, VA",184.560555
"Valdez-Cordova, AK",184.36955849999998
"Henry, GA",184.248418
"Cameron, PA",184.1997544
"Lee, NC",184.1834534
"Cherokee, IA",184.1774801
"Lincoln, CO",184.16206259999998
"Perquimans, NC",183.810014
"Stafford, KS",183.5283322
"Adams, NE",183.4862385
"Lampasas, TX",182.9690436
"Bee, TX",182.93240649999998
"Routt, CO",182.8775571
"Scott, AR",182.64840180000002
"Carroll, MD",182.61679119999997
"Beauregard, LA",182.48679740000003
"Whiteside, IL",182.4278541
"Ward, ND",182.3797617
"Sevier, UT",182.2367159
"Fairbanks North Star, AK",182.20558369999998
"Alpena, MI",182.18693069999998
"La Plata, CO",182.04339009999998
"Nassau, NY",182.0069726
"Union, IL",181.99397150000001
"Lake, OH",181.8521951
"Otero, CO",181.7890178
"Jefferson, NY",181.58388
"Lycoming, PA",181.5783613
"Mountrail, ND",181.31399319999997
"Walworth, SD",181.02824040000002
"Marshall, IL",181.0252613
"Mohave, AZ",180.7614638
"Menominee, MI",180.74061619999998
"Upson, GA",180.6820748
"Hamilton, TX",180.5054152
"Phillips, KS",180.5054152
"Clay, TN",180.0874711
"Morgan, GA",179.96738090000002
"Stanly, NC",179.7641626
"Rogers, OK",179.68644719999998
"Teton, WY",179.62996230000002
"Johnston, NC",179.2467143
"Burke, NC",179.2034906
"Macoupin, IL",179.18088740000002
"Cayuga, NY",178.66804230000002
"Kimble, TX",178.5315778
"Sevier, AR",178.50973169999997
"McIntosh, GA",178.4821875
"Alamosa, CO",178.4285978
"Gage, NE",178.37541159999998
"Webster, MO",178.2482312
"Douglas, MO",177.5804661
"Barbour, AL",177.2787709
"Henrico, VA",177.0183704
"Unicoi, TN",176.9715739
"Montrose, CO",176.8476899
"Shelby, AL",176.8047801
"Monmouth, NJ",176.59988059999998
"Staunton, VA",176.5913758
"Rutland, VT",176.5035796
"Cass, IA",176.4965436
"Delaware, OK",176.42651709999998
"La Salle, TX",176.41471030000002
"Neshoba, MS",176.22936930000003
"Henderson, NC",176.1913456
"Comanche, TX",176.1726492
"Taliaferro, GA",176.1597181
"Montgomery, KY",176.14032509999998
"Fulton, IL",176.0854014
"Davie, NC",175.67502530000002
"Fayette, IA",175.5926251
"Coleman, TX",175.5823481
"Dallas, MO",175.38554580000002
"Audrain, MO",175.3633919
"Washington, MO",174.7973939
"Noble, OK",174.7335314
"Grand Traverse, MI",174.4696456
"Kosciusko, IN",174.4417224
"Eaton, MI",174.43792230000003
"Hopkins, TX",174.3286939
"Palo Alto, IA",174.1970604
"Guernsey, OH",174.0841659
"Wheeler, TX",173.882803
"Millard, UT",173.748223
"Oneida, WI",173.7229959
"Columbia, WA",173.61111110000002
"Christian, MO",173.05529119999997
"Bulloch, GA",172.71884740000002
"Iowa, WI",172.638848
"Towner, ND",172.63703059999997
"Hall, GA",172.57450269999998
"Wise, VA",172.4605189
"Fayette, IL",172.25747959999998
"Jersey, IL",172.2538757
"Kandiyohi, MN",172.1292148
"Deaf Smith, TX",172.08113889999998
"Montgomery, PA",171.7185146
"White, IN",171.66680290000002
"Ottawa, MI",171.6165324
"Caldwell, KY",171.56671609999998
"Eagle, CO",171.5592833
"Washita, OK",171.2622024
"Burnet, TX",171.1430071
"Newport, RI",171.1227351
"Huntingdon, PA",170.7007485
"Charlotte, VA",170.6623324
"Harper, KS",170.6484642
"Monroe, WV",170.58518130000002
"Costilla, CO",170.5514497
"La Crosse, WI",170.5037142
"Montgomery, TX",170.4942731
"Stutsman, ND",170.4545455
"Beaver, UT",170.30500080000002
"Emmet, IA",170.0680272
"Brown, KS",170.05101530000002
"Sheboygan, WI",169.6803049
"Prairie, MT",169.6352841
"Halifax, VA",169.4867377
"Martin, TX",169.4277108
"Carter, TN",169.1722767
"Perry, IL",169.05012109999998
"Daviess, KY",169.01179009999998
"Boulder, CO",169.0060894
"Lincoln, MO",168.956554
"Olmsted, MN",168.8713763
"Columbia, NY",168.6936684
"Lavaca, TX",168.5307186
"Washington, UT",168.47090659999998
"Randolph, MO",168.40417
"Bartholomew, IN",168.36920600000002
"Kennebec, ME",168.3668416
"Kenai Peninsula, AK",167.9878209
"Tazewell, VA",167.7890393
"Pocahontas, IA",167.73832819999998
"Stanley, SD",167.72895
"Will, IL",167.6847351
"Phillips, MT",167.5041876
"Virginia Beach, VA",167.4548864
"Duchesne, UT",167.4217057
"Forrest, MS",167.40419680000002
"Grainger, TN",167.3861334
"Oscoda, MI",167.08437759999998
"Orange, IN",166.8942497
"Medina, TX",166.67018290000001
"Stark, ND",166.59577480000002
"Middlesex, NJ",166.36124880000003
"Baylor, TX",166.0210293
"Lancaster, PA",165.9743202
"Tuscola, MI",165.85887250000002
"Karnes, TX",165.7715006
"Boyd, KY",165.6916091
"Plaquemines, LA",165.6050955
"Randolph, NC",165.5245937
"Coweta, GA",165.1899685
"Atchison, MO",165.1679207
"Northampton, VA",164.9484536
"Nottoway, VA",164.8386483
"Lyon, MN",164.7898929
"Perry, PA",164.6108599
"Alexandria, VA",164.5488005
"LaPorte, IN",164.44855819999998
"Carroll, MO",164.34754030000002
"McClain, OK",164.3340363
"Lake, CO",164.2485628
"Acadia, LA",163.97659309999997
"Marquette, MI",163.9586411
"Seneca, NY",163.8001638
"Madison, KY",163.57051059999998
"Franklin, GA",163.5694489
"Langlade, WI",163.4738186
"Jessamine, KY",163.4345166
"Fremont, WY",163.422606
"Miller, MO",163.39869280000002
"Chattooga, GA",163.0996897
"Texas, OK",163.03609440000002
"Kane, IL",162.89724109999997
"Bryan, GA",162.8615375
"Appling, GA",162.68980480000002
"Oswego, NY",162.5882062
"Montgomery, IN",162.4014459
"McDowell, NC",162.3629368
"Chester, PA",162.32619119999998
"Johnson, WY",162.26240149999998
"Searcy, AR",162.03415180000002
"Dubuque, IA",161.9695497
"Shelby, MO",161.8908855
"Gem, ID",161.8122977
"Okfuskee, OK",161.5900461
"Denton, TX",161.49857509999998
"Atascosa, TX",161.3827957
"Outagamie, WI",161.3573983
"Oktibbeha, MS",161.0831311
"Buchanan, VA",161.03742
"Jasper, IA",161.0218062
"Baraga, MI",161.0120759
"Beckham, OK",160.76490249999998
"Daviess, IN",160.4591601
"Nassau, FL",159.8203672
"Crow Wing, MN",159.7899
"Caldwell, NC",159.7755824
"Eau Claire, WI",159.7034642
"Delaware, IA",159.6897456
"Fairfield, OH",159.20250959999998
"Ritchie, WV",158.8404646
"Summit, UT",158.49919450000002
"Gloucester, NJ",158.4758755
"Lapeer, MI",158.39075
"Dade, MO",158.3531275
"Jackson, IA",158.2682391
"Piatt, IL",158.2182194
"Ontonagon, MI",158.1777918
"Steuben, NY",158.13482009999998
"Buckingham, VA",157.5630252
"Alger, MI",157.52993069999997
"Valley, MT",157.2739187
"Washington, OR",157.11824950000002
"Chippewa, MN",157.1156868
"Borden, TX",156.9858713
"Ferry, WA",156.94480769999998
"Lincoln, WI",156.88188540000002
"Chelan, WA",156.826693
"Madison, GA",156.8236091
"Foard, TX",156.61707130000002
"Bleckley, GA",156.60480780000003
"Mifflin, PA",156.5985928
"Long, GA",156.400385
"Iron, MI",156.30427230000004
"Fayette, OH",156.25
"Trinity, CA",156.1570494
"Liberty, FL",155.70727030000003
"Barry, MI",155.6762611
"Greenwood, KS",155.66625159999998
"Bolivar, MS",155.65802230000003
"Chatham, NC",155.6490115
"Westmoreland, PA",155.6132514
"Fisher, TX",155.60165980000002
"Bennington, VT",155.4870564
"West Feliciana, LA",155.4001554
"Pitkin, CO",155.3599171
"Nez Perce, ID",155.3300764
"Rutherford, NC",155.3258857
"Rockland, NY",155.1870815
"Arenac, MI",154.9686834
"Talbot, GA",154.8946716
"Meagher, MT",154.8786784
"Summers, WV",154.8330015
"Genesee, NY",154.74148080000003
"Ulster, NY",154.69784199999998
"Johnston, OK",154.6860783
"Prowers, CO",154.5846554
"Rawlins, KS",154.4998069
"Hall, TX",154.3686323
"Haines, AK",154.3209877
"Grady, GA",154.2843579
"Antrim, MI",154.04364569999998
"Dixon, NE",153.8198599
"Monona, IA",153.49194169999998
"Hardin, TX",153.38253600000002
"Twiggs, GA",153.28381090000002
"Clarion, PA",153.2371345
"Houston, TX",152.76504740000001
"Delta, TX",152.7300496
"Rio Grande, CO",152.50360080000002
"Oceana, MI",152.40998290000002
"Moniteau, MO",152.40030480000001
"Bertie, NC",152.37907980000003
"Santa Rosa, FL",152.08322990000002
"Limestone, AL",151.9500253
"Orange, NC",151.76128590000002
"Currituck, NC",151.6642072
"Spink, SD",151.2859304
"Sullivan, NH",151.2190583
"Lake, IL",151.0627736
"Union, IA",150.9973774
"DeSoto, MS",150.9747979
"Burlington, NJ",150.83023169999998
"Lincoln, ID",150.5174036
"Montgomery, MO",150.43877980000002
"Paulding, GA",150.3912896
"McLeod, MN",150.34244669999998
"Kerr, TX",150.14113269999999
"Jay, IN",150.02344119999998
"Marshall, KS",149.970006
"Latah, ID",149.692736
"Jackson, KS",149.6333982
"Johnson, KS",149.2239824
"Orleans, NY",149.1653842
"Simpson, MS",149.0909091
"Jackson, GA",149.0727999
"Grant, IN",149.00326940000002
"Southampton, VA",148.940865
"Judith Basin, MT",148.80952380000002
"McPherson, KS",148.80449119999997
"Pennington, MN",148.74628130000002
"Culpeper, VA",148.43524509999997
"Concho, TX",148.40465
"Shelby, OH",148.3981135
"Union, OR",148.13659750000002
"Bingham, ID",147.93552659999997
"Dickinson, KS",147.8912744
"Brazoria, TX",147.7704229
"Todd, MN",147.64990569999998
"Gasconade, MO",147.6410979
"Collin, TX",147.640674
"Marion, IA",147.3595573
"Pend Oreille, WA",147.33250619999998
"Young, TX",147.21116619999998
"Iowa, IA",146.96876909999997
"Grant, WI",146.8601304
"Prince William, VA",146.8375211
"Perry, MO",146.8120805
"Jefferson, PA",146.77756530000002
"Chittenden, VT",146.69466819999997
"Washburn, WI",146.627566
"Brunswick, NC",146.5728831
"Jackson, CO",146.5201465
"Columbia, WI",146.505922
"Fulton, AR",146.2938882
"Wise, TX",146.04768700000002
"Bradford, PA",146.02991210000002
"Columbia, OR",145.9143969
"Transylvania, NC",145.8833541
"Greer, OK",145.8434614
"Gibson, IN",145.7812686
"Cassia, ID",145.7288586
"Charlevoix, MI",145.4322783
"Smyth, VA",145.3304688
"Madison, TX",145.1273492
"Logan, KY",145.11087959999998
"Colfax, NM",145.10462809999999
"Grundy, MO",144.85755669999998
"Sabine, TX",144.7736705
"Mason, KY",144.69267280000003
"Dallas, IA",144.69259519999997
"Monroe, GA",144.5300919
"San Juan, CO",144.5086705
"Caledonia, VT",144.4298232
"Hot Springs, WY",144.4192284
"Jefferson Davis, LA",143.7653749
"Erath, TX",143.7288819
"York, ME",143.4079957
"Umatilla, OR",143.37851930000002
"Choctaw, MS",143.35204869999998
"Williamson, TX",143.0955343
"Greensville, VA",143.025408
"Ellis, TX",142.9707134
"Potter, PA",142.8816369
"Morgan, WV",142.87347130000003
"Story, IA",142.84786699999998
"Jo Daviess, IL",142.8125139
"Benton, MN",142.8061407
"Lemhi, ID",142.63485480000003
"Stafford, VA",142.5563646
"Power, ID",142.5055059
"Pontotoc, MS",142.4086481
"Island, WA",142.130176
"Goodhue, MN",142.0454545
"Sumter, FL",141.9817666
"Saline, MO",141.9232754
"Wabaunsee, KS",141.82385480000002
"Louisa, IA",141.8188264
"Rock, NE",141.74344440000002
"Hopkins, KY",141.5276408
"Wasco, OR",141.3039212
"Androscoggin, ME",141.25868930000001
"Morrow, OR",141.1432604
"Johnson, MO",141.097999
"Suffolk, NY",141.09131059999999
"Fulton, KY",140.9553641
"Habersham, GA",140.8775982
"Chautauqua, KS",140.7657658
"Charles Mix, SD",140.6774159
"Stephens, TX",140.586136
"Gratiot, MI",140.58330159999997
"Bailey, TX",140.56789430000003
"Kiowa, CO",140.54813769999998
"Harrison, KY",140.4039313
"Franklin, PA",140.05325969999998
"Clearwater, ID",139.9090591
"Orleans, VT",139.8652876
"Bell, KY",139.8601399
"Boone, KY",139.8241751
"Burleson, TX",139.7868251
"Aitkin, MN",139.75352560000002
"Scioto, OH",139.4700139
"St. John the Baptist, LA",139.39352390000002
"Sauk, WI",139.3242773
"Towns, GA",139.2628354
"Latimer, OK",139.21113689999999
"Lee, VA",138.9716101
"Graves, KY",138.8480948
"Woodford, KY",138.47675569999998
"Wayne, NY",138.41878169999998
"Archer, TX",138.2329225
"St. Charles, MO",138.1544599
"Bureau, IL",138.0079868
"Anoka, MN",137.83597519999998
"Val Verde, TX",137.7948707
"Hardin, IA",137.6067886
"Ontario, NY",137.4847621
"Isle of Wight, VA",137.4242764
"Allegany, NY",137.1884679
"Cheshire, NH",137.0578253
"Lorain, OH",137.0419414
"Delaware, NY",136.9804375
"Benton, IN",136.8769248
"Clark, KS",136.79890559999998
"Cass, MI",136.7751878
"Greene, NC",136.5862849
"Idaho, ID",136.5103003
"Manitowoc, WI",136.3850522
"Coal, OK",136.3558889
"Red River, TX",136.3271852
"Hale, AL",136.3105284
"Calhoun, FL",136.2212233
"Bollinger, MO",136.1088871
"Reeves, TX",136.0544218
"Charlton, GA",135.79781210000002
"Baca, CO",135.7957632
"Arlington, VA",135.6122113
"Darke, OH",135.558271
"Avery, NC",135.4937052
"Rice, MN",135.2826331
"Clay, MN",135.1774616
"Douglas, OR",134.65494669999998
"Pike, IN",134.0376882
"Goliad, TX",133.9584729
"Walthall, MS",133.949501
"Dunn, WI",133.72013959999998
"Roger Mills, OK",133.5826877
"Washington, ME",133.5818577
"Lamar, AL",133.4644563
"Love, OK",133.4428249
"Ohio, KY",133.4000334
"Montague, TX",133.3128237
"Otsego, NY",132.9377624
"Trigg, KY",132.93220459999998
"Cumberland, ME",132.7700241
"Knox, TX",132.73161670000002
"Ionia, MI",132.66118329999998
"Carlton, MN",132.5437112
"Lawrence, SD",132.4769169
"Alcona, MI",132.3501607
"Itawamba, MS",132.28642140000002
"Vermillion, IN",132.2584708
"Rio Blanco, CO",132.2168356
"McCulloch, TX",132.0528211
"Trinity, TX",132.0086153
"Sanders, MT",132.00739240000001
"Somerset, PA",131.9916362
"Rusk, WI",131.9902744
"Lincoln, NC",131.6779533
"Williamsburg, VA",131.52702879999998
"Chippewa, WI",131.4705696
"Holt, MO",131.3485114
"Osborne, KS",130.9586171
"Cortland, NY",130.6762496
"Griggs, ND",130.66202090000002
"Clinton, MI",130.3118362
"Clark, MO",130.2460203
"Manassas Park, VA",130.0390117
"Watauga, NC",129.8403727
"Ramsey, ND",129.8251688
"Washington, VT",129.8066387
"Lee, AR",129.80529209999997
"Moffat, CO",129.74128059999998
"Williamson, TN",129.7127717
"Merrimack, NH",129.38460600000002
"Highland, OH",129.333241
"Lawrence, AR",129.3280818
"Nelson, ND",129.2407108
"Tucker, WV",129.16188290000002
"Summit, CO",129.1493595
"Calumet, WI",128.98804850000002
"Shelby, KY",128.9126108
"Pondera, MT",128.8037353
"Campbell, WY",128.6947858
"Hood, TX",128.53227479999998
"Dawson, NE",128.0621308
"Venango, PA",127.99821920000001
"Nemaha, KS",127.9401634
"Franklin, ME",127.88981799999999
"Huntington, IN",127.7486342
"Susquehanna, PA",127.7018399
"Lewis, WV",127.6440554
"Wallace, KS",127.46972590000001
"Calloway, KY",127.46634089999999
"Frio, TX",127.31801829999999
"Columbia, PA",127.2512239
"Prince Edward, VA",127.18182620000002
"Calvert, MD",127.0942929
"San Juan, UT",126.8950778
"Howard, MO",126.7427123
"Emmet, MI",126.7350634
"Clinton, IL",126.6256892
"Wheeler, GA",126.43823490000001
"Yamhill, OR",126.0858774
"Ida, IA",126.0327685
"Chesterfield, VA",126.0126013
"Page, VA",125.9392973
"Somerset, ME",125.71074920000001
"Decatur, IN",125.5851125
"Bayfield, WI",125.3628926
"Big Horn, WY",125.0625313
"Randolph, GA",125.05210500000001
"Las Animas, CO",124.6019659
"Iberia, LA",124.52962990000002
"Huron, MI",124.1310824
"Irion, TX",124.06947890000001
"Sullivan, MO",124.06947890000001
"Park, CO",124.0617828
"Dewey, OK",123.86457469999999
"York, VA",123.73809779999999
"Pike, PA",123.6945804
"Kent, RI",123.61014329999999
"Jackson, TX",123.36371740000001
"Kendall, IL",123.16921940000002
"Wood, TX",122.9140075
"Caroline, VA",122.8752816
"Fulton, PA",122.6993865
"Clinton, PA",122.6410372
"Christian, IL",122.4561199
"Henry, IL",122.3425592
"Yoakum, TX",122.18963829999998
"Garfield, CO",122.15978500000001
"Marshall, KY",122.1589996
"Washington, NY",122.0420649
"Wilkin, MN",122.00701540000001
"Morris, KS",121.9299774
"Jefferson, WI",121.8805098
"Marathon, WI",121.84675370000001
"Tyrrell, NC",121.6841081
"Montgomery, VA",121.6127725
"Grafton, NH",121.61242460000001
"Midland, MI",121.5457763
"Essex, NY",121.2527733
"Livingston, MO",121.0409522
"Louisa, VA",120.7836206
"Wyoming, NY",120.3919963
"Nodaway, MO",120.3731568
"Lincoln, ME",120.2769303
"Wayne, PA",120.27624740000002
"Whitley, KY",120.2259129
"Washington, VA",120.20325279999999
"Ballard, KY",120.0192031
"Evans, GA",120.0036924
"Ellis, OK",119.9040767
"Patrick, VA",119.77351920000001
"Alfalfa, OK",119.71951429999999
"Baxter, AR",119.63766880000001
"Sublette, WY",119.51000900000001
"Dakota, NE",119.3488328
"Worth, IA",119.3475666
"Hood River, OR",119.0738699
"Grant, WV",119.05774299999999
"Clay, WV",118.99610559999999
"Pulaski, KY",118.9228097
"Clarke, VA",118.48341229999998
"Callahan, TX",118.2994455
"Minidoka, ID",118.2732111
"Niobrara, WY",118.0637544
"Rockingham, NH",118.00731440000001
"Seminole, OK",117.98945959999999
"Hand, SD",117.959304
"Schley, GA",117.90135590000001
"Linn, OR",117.87984679999998
"Camden, NC",117.79719250000001
"Augusta, VA",117.70754409999999
"Campbell, VA",117.67900790000002
"Albany, WY",117.57789540000002
"Walworth, WI",117.53849140000001
"Oconee, GA",117.5260761
"Dakota, MN",117.5004712
"Wetzel, WV",117.2549988
"Major, OK",117.14174150000001
"Shenandoah, VA",117.1399119
"Bullitt, KY",117.1051604
"Winston, MS",117.09601869999999
"Pacific, WA",117.0845936
"Meeker, MN",116.78705829999998
"Custer, CO",116.68611440000001
"Wilkinson, GA",116.6242578
"Greene, OH",116.4187152
"Starke, IN",116.39436129999999
"Freeborn, MN",116.3241567
"Miami, IN",116.21472050000001
"Jefferson, WV",116.20939479999998
"Barren, KY",116.20610309999999
"Hancock, OH",116.13635459999999
"Fremont, ID",116.03620330000001
"Nobles, MN",115.64972009999998
"Sherman, OR",115.54015020000001
"Hardin, KY",115.5364125
"Chickasaw, MS",115.53347579999999
"Skamania, WA",115.3095618
"Waseca, MN",115.1953084
"Craig, VA",115.16314779999999
"Chenango, NY",115.1445367
"Montgomery, IA",115.11895630000001
"Klickitat, WA",115.0196492
"Bourbon, KY",115.01150120000001
"Cerro Gordo, IA",114.74469309999999
"Marshall, IN",114.6277781
"Parker, TX",114.4805548
"Harrison, MO",114.4033863
"Mason, WV",114.2815011
"Montgomery, NY",114.23532479999999
"Lincoln, AR",114.0332122
"Franklin, IA",113.76564280000001
"Schuyler, NY",113.75948000000001
"Oxford, ME",113.4835973
"Santa Cruz, AZ",113.3253507
"Harris, GA",113.278021
"Butler, PA",113.2221959
"Tioga, PA",113.0395874
"Stevens, MN",112.99435030000001
"Missaukee, MI",112.9493057
"Jefferson, MT",112.9256428
"New Kent, VA",112.7800277
"Faribault, MN",112.74751599999999
"Kittitas, WA",112.53441880000001
"Douglas, NV",112.48355190000001
"Windsor, VT",112.36556259999999
"Adams, WI",112.3046875
"Adams, PA",112.2643925
"Nelson, KY",112.2586439
"Macon, NC",112.2367605
"Pickaway, OH",111.8925831
"Nemaha, NE",111.77867820000002
"Daniels, MT",111.6694584
"Bandera, TX",111.64506580000001
"Hanover, VA",111.51682620000001
"Cheyenne, KS",111.3585746
"Carter, MO",111.27006840000001
"Cabarrus, NC",111.09568119999999
"Alexander, NC",111.0208503
"Gaines, TX",110.9877913
"Waushara, WI",110.9786674
"Benton, OR",110.8660253
"St. Lawrence, NY",110.75087309999999
"Martin, KY",110.6981893
"Buffalo, NE",110.6633537
"Parmer, TX",110.3863522
"Dawes, NE",110.03521129999999
"Rice, KS",109.87913300000001
"Frederick, VA",109.445517
"Madison, NC",109.40919040000001
"Scott, MN",109.3039524
"Sac, IA",109.224506
"Tripp, SD",109.1305929
"Sweet Grass, MT",109.02153179999999
"Waupaca, WI",109.0178828
"Cheboygan, MI",108.83930649999999
"Cedar, IA",108.7370195
"Sherburne, MN",108.69806340000001
"Wadena, MN",108.6641553
"Kendall, TX",108.563258
"Phelps, NE",108.54227720000002
"Gove, KS",108.3423619
"Washington, IN",107.9913607
"Westmoreland, VA",107.8809902
"Watonwan, MN",107.74894499999999
"Logan, OH",107.7372969
"Brewster, TX",107.68899420000001
"Turner, SD",107.64262649999999
"Poquoson, VA",107.4025116
"Whitman, WA",107.36525659999998
"Clarke, IA",107.23860590000001
"Barnes, ND",107.23860590000001
"Gogebic, MI",106.8107565
"Clinton, NY",106.6294077
"Jackson, WI",106.5684945
"Coos, NH",106.2599619
"Gallatin, KY",106.2072221
"Cheyenne, CO",105.8201058
"Grayson, VA",105.5339358
"Vinton, OH",105.45344979999999
"Clay, MO",105.43534380000001
"Brooke, WV",105.32080719999999
"Hoke, NC",105.21803519999999
"Alleghany, VA",105.1915104
"Portage, WI",105.1435067
"Porter, IN",105.0691355
"Delta, CO",104.9765443
"Effingham, IL",104.93485290000001
"Lynn, TX",104.8401188
"McHenry, IL",104.7464453
"Madison, MO",104.57726650000001
"Wayne, MO",104.4464339
"Ocean, NJ",104.21416009999999
"Bristol Bay, AK",104.16666670000001
"Clackamas, OR",104.0531804
"Saline, NE",104.05105440000001
"Albemarle, VA",103.88349509999999
"Gilmer, WV",103.7822878
"Republic, KS",103.73443979999999
"Lincoln, MS",103.4185579
"LaSalle, IL",103.40247629999999
"Lafayette, MO",103.20857240000001
"Ashe, NC",103.12695670000001
"Lincoln, MN",102.915952
"Chouteau, MT",102.5816379
"Monroe, MO",102.5757921
"Hodgeman, KS",102.5641026
"Bucks, PA",102.396264
"Tipton, IN",102.23642170000001
"Wythe, VA",102.2355507
"Rockwall, TX",102.0587718
"Monroe, WI",101.5497373
"Nelson, VA",101.42673609999999
"Boundary, ID",101.3544642
"Stevens, WA",101.31245679999999
"Sioux, IA",101.3112571
"Wilson, TX",101.2814303
"Greene, VA",101.0423314
"Bonner, ID",100.7395759
"Platte, MO",100.73947059999999
"Otter Tail, MN",100.72767059999998
"Fayette, TX",100.7211635
"Barron, WI",100.7093441
"Trego, KS",100.67114090000001
"Carroll, KY",100.4291062
"Randolph, IL",100.33444820000001
"Grant, MN",100.18367009999999
"Chase, NE",100.0
"Wyoming, PA",99.98928686
"Red Willow, NE",99.94548428
"Gray, KS",99.85022466
"Castro, TX",99.626401
"Norton, VA",99.57679861
"James City, VA",99.26825118
"Logan, OK",99.05002026
"Douglas, WA",98.80671886
"Franklin, NY",98.6689367
"Stephenson, IL",98.41677364
"Pickett, TN",98.23182711
"King and Queen, VA",98.17671809
"Hendricks, IN",98.12904945
"Martin, MN",97.93360102
"Centre, PA",97.81020958
"Lee, IL",97.53858512
"Texas, MO",97.51911375
"Pembina, ND",97.47945969
"Scott, VA",97.17314488
"Fulton, NY",97.09449309
"Armstrong, PA",96.90633856
"Choctaw, AL",96.82705199
"Rosebud, MT",96.47336263
"Perry, KY",96.39414495
"Grayson, KY",96.16494211
"Henry, OH",96.11277232
"Mellette, SD",96.10764056
"Adair, KY",96.09224856
"Pendleton, KY",96.08785175
"Todd, KY",95.97696553
"Camas, ID",95.96928983
"Apache, AZ",95.92126116
"Doddridge, WV",95.87727709
"Worth, MO",95.69377990000001
"Warren, VA",95.60970568
"Prairie, AR",95.53379508
"Craig, OK",95.41984733
"Coahoma, MS",95.30617107
"Oldham, TX",95.14747859
"Gloucester, VA",95.0209046
"Montgomery, MS",94.75978395
"Gallia, OH",94.70624735
"Cass, NE",94.64842055
"DuPage, IL",94.62240083
"Ashtabula, OH",94.17799641
"Schuyler, IL",94.0354648
"Allen, LA",93.98128206
"Sheridan, WY",93.88412017
"Nicollet, MN",93.84838944
"Sharp, AR",93.84714646
"Franklin, TX",93.80863039
"Mercer, KY",93.68120287
"Clay, KY",93.61542782
"Atoka, OK",93.53863865
"Preble, OH",93.45346497
"Jackson, SD",93.28358209
"Bergen, NJ",93.26422631
"Steele, MN",93.24009324
"Attala, MS",93.18217114
"Mercer, ND",93.10986965
"Douglas, MN",93.03598303
"Crawford, PA",92.70280168
"Madison, MS",92.61841214
"Greenbrier, WV",92.58220177
"King George, VA",92.27312846
"Hubbard, MN",91.97405364
"Presque Isle, MI",91.86954525
"Kearney, NE",91.63103238
"Cherokee, GA",91.51244303
"Edmonson, KY",91.19548997
"Yancey, NC",91.08505067
"Clay, AR",90.89728607
"Madison, MT",90.76763485
"Davis, UT",90.65676479999999
"Penobscot, ME",90.63404709999999
"Dodge, NE",90.37381898
"Northumberland, VA",90.16393443
"Effingham, GA",89.98090201
"Mathews, VA",89.91794987
"Jefferson, OR",89.85575786
"Marion, KY",89.7979546
"Rockbridge, VA",89.65795490000001
"Washington, WI",89.64961315
"Leon, TX",89.59503046
"Real, TX",89.55223881
"Orange, VA",89.36550492
"Jefferson, IA",89.23259964
"Cheyenne, NE",89.18838569
"Laurel, KY",88.98141464
"Norton, KS",88.93632159
"Shawano, WI",88.85046707
"Falls Church, VA",88.83624519
"Jeff Davis, TX",88.77052818
"Giles, VA",88.62629247
"Jackson, OH",88.46048257
"Livingston, MI",88.37418606
"Defiance, OH",88.23834735
"Morgan, CO",88.01577243
"Botetourt, VA",87.87346221
"Hamilton, NE",87.79631255
"Fall River, SD",87.73212458
"Fairfax, VA",87.59854837
"Fairfax, VA",87.59854837
"Fairfax, VA",79.75779097
"Fairfax, VA",79.75779097
"Lincoln, WA",87.37015824
"Dickens, TX",87.29812309
"Morgan, OH",87.22490607
"Traverse, MN",87.08272859
"Carroll, VA",87.00599003
"King William, VA",86.97272784
"Hughes, OK",86.81183535
"Wood, OH",86.64438668
"Union, KY",86.49943443
"Champaign, OH",86.17412242
"Keith, NE",86.10086101
"Butler, KY",85.98452279
"Prince George, VA",85.89912222
"Richland, ND",85.68455842
"Bledsoe, TN",85.66311035
"Livingston, KY",85.47921787
"Forsyth, GA",85.46352447
"Meigs, OH",85.12087164
"Houston, MN",85.11091015
"Madison, NE",85.0388344
"Athens, OH",85.03269894
"Livingston, NY",85.00115911
"Warren, OH",84.86601664
"Kossuth, IA",84.8508583
"Allamakee, IA",84.69193309
"Stark, IL",84.64533604
"Ripley, IN",84.45054365
"Loudoun, VA",84.36308729
"Aroostook, ME",84.21954179
"Charles City, VA",84.15147265
"Bear Lake, ID",84.13259297
"McLean, ND",84.06010297
"Jones, GA",84.00714061
"Dickenson, VA",83.94679065
"Potter, SD",83.54218881
"Crook, WY",83.51893096
"Medina, OH",83.46911357
"Union, GA",83.46471297
"Crosby, TX",83.45852112
"Madison, VA",83.33333333
"Bristol, RI",83.29947176
"Carson, TX",83.19467554
"Madison, OH",83.18506366
"Rankin, MS",83.12495316
"Douglas, CO",83.01657390000001
"Tompkins, NY",82.99796365
"Portage, OH",82.99666793
"Nance, NE",82.80430582
"Ottawa, KS",82.75405495
"Teton, MT",82.44023083
"Rush, IN",82.33356857
"Sterling, TX",82.03445447
"Winona, MN",81.98001249
"San Juan, WA",81.88976378
"Fauquier, VA",81.83671344
"Pepin, WI",81.52173913
"Madison, NY",81.51197812
"Cleveland, AR",81.46165484
"Sanpete, UT",81.45341219
"Becker, MN",81.24943577
"Kimball, NE",81.03727715
"Middlesex, CT",80.93644677
"Harlan, KY",80.70458613
"Curry, OR",80.57657012
"Pike, AR",80.52250157
"Pike, MO",80.34709947
"Andrew, MO",80.25222127
"Rappahannock, VA",80.23535705
"Blackford, IN",80.12178511
"Madison, ID",80.10680908
"Warren, NJ",80.09014798
"Fulton, OH",80.02259462
"Chisago, MN",79.98363126
"Glasscock, TX",79.93605116
"Lamoille, VT",79.78617306
"Price, WI",79.69859441
"Yates, NY",79.50389569
"Crawford, OH",79.42440665
"Elk, PA",79.41802471
"Harding, SD",79.23930269
"Clearwater, MN",79.20343969
"Gillespie, TX",78.8736838
"Hancock, GA",78.83770695
"Clayton, IA",78.77116975
"Martin, IN",78.74015748
"Lawrence, IL",78.51189757
"Ralls, MO",78.49293564
"Fayette, GA",78.43861025
"Clermont, OH",78.41452816
"Bosque, TX",78.40940913
"Polk, NC",78.38910391
"San Miguel, CO",78.14535035
"Newton, IN",78.08617875
"Franklin, ID",77.79679477
"Stone, MS",77.70870337
"Greeley, KS",77.51937985
"Cottonwood, MN",77.47933884
"Roseau, MN",77.31958763
"Van Wert, OH",77.304192
"Meade, SD",77.20020587
"Thayer, NE",77.08614377
"Rooks, KS",77.07129094
"Dodge, WI",76.97183736
"Forest, WI",76.70392286
"Hancock, ME",76.57945118
"Hancock, WV",75.93014427
"Rockingham, VA",75.89302942
"Knox, ME",75.85335019
"Winnebago, IA",75.80064431
"Knox, KY",75.49543882
"Cumberland, PA",75.45229922
"Delaware, OH",75.14366496
"Beaverhead, MT",74.93844342
"Sutton, TX",74.8876685
"Montmorency, MI",74.86631016
"Guthrie, IA",74.85730327
"Buena Vista, VA",74.85029940000001
"Monroe, MS",74.75910954
"Clay, IN",74.61851285
"Benzie, MI",74.59260959
"Emery, UT",74.42552796
"Bottineau, ND",74.22802850000001
"Wahkiakum, WA",74.22068283
"Custer, NE",74.12898443
"Harrison, IN",74.04948548
"Goochland, VA",73.98501803
"Fulton, IN",73.35322021
"Scotts Bluff, NE",73.27399045
"Pope, MN",73.17965606
"Morrison, MN",73.01046483
"Tallahatchie, MS",72.93946025
"Green, WI",72.79590186
"Wayne, KY",72.54086469
"Daviess, MO",72.34145165
"McCreary, KY",72.26638501
"Wayne, OH",72.12938099
"Lancaster, VA",71.76175099
"Door, WI",71.69486665
"Green, KY",71.55635063
"Utah, UT",71.39090871
"Morrow, OH",71.36128793
"Union, PA",71.32190697
"O'Brien, IA",71.20478496
"Nicholas, KY",71.03281716
"Platte, NE",70.75834487
"Murray, MN",70.31524669
"Morris, NJ",70.28476342
"Lewis, NY",69.98416148
"Weston, WY",69.85191394
"Clatsop, OR",69.80990227
"Hocking, OH",69.77149834
"Hitchcock, NE",69.63788301
"Deuel, SD",69.44444444
"Knox, OH",69.06758757
"Yellow Medicine, MN",69.01311249
"Iroquois, IL",69.00835001
"Yuma, CO",68.95872328
"Lee, KY",68.87052342
"Schuyler, MO",68.83891693
"St. Croix, WI",68.66053765
"Juniata, PA",68.6369509
"DeKalb, IN",68.54657622
"Washington, OH",68.5043223
"Perkins, NE",68.46970216
"LaGrange, IN",68.42825561
"Saratoga, NY",68.34476135
"Davis, IA",68.25162098
"Johnson, KY",68.23318692
"Audubon, IA",68.10829218
"Nuckolls, NE",67.98096533
"Washington, MN",67.72018183
"Trempealeau, WI",67.60868095
"Adams, OH",67.60362925
"Ascension, LA",67.31181104
"Moultrie, IL",67.22237161
"Hamlin, SD",67.10283509
"Pendleton, WV",66.92544505
"Adair, IA",66.91648822
"Jefferson, ID",66.87969087
"Litchfield, CT",66.87209775
"Somerset, NJ",66.85118805
"Tishomingo, MS",66.5676686
"Woods, OK",66.36434023
"Houghton, MI",66.25258799
"Ashland, OH",65.9842015
"Marquette, WI",65.89351608
"Osage, MO",65.75102279
"Grundy, IL",65.70040615
"Clay, GA",65.68144499
"Tioga, NY",65.68079135
"Hot Spring, AR",65.67164179
"Hancock, IN",65.66538596
"Fluvanna, VA",65.44250683
"Holmes, MS",65.11829824
"Meade, KY",65.04621705
"Middlesex, VA",65.04367218
"Grundy, IA",64.96670456
"Chickasaw, IA",64.92979466
"Miami, OH",64.77247460000001
"Carroll, IN",64.72169670000001
"Matanuska-Susitna, AK",64.08101521
"Harrison, OH",64.01229036
"Rowan, KY",63.75653504
"Moore, TN",63.48198699
"Pike, OH",63.45401347
"Lee, MS",63.27630654
"Hickman, KY",63.22444679
"Wright, MN",63.04973924
"Carver, MN",62.78646324
"Tattnall, GA",62.68118781
"Throckmorton, TX",62.5
"Casey, KY",62.23937263
"Windham, CT",62.07271862
"Amite, MS",62.02031165
"Newton, AR",62.00396825
"Antelope, NE",61.95786865
"Waukesha, WI",61.95362111
"Pike, GA",61.81164307
"Dubois, IN",61.37721017
"Washington, RI",60.98575151
"Scotland, MO",60.96321886
"De Witt, IL",60.90133983
"Burt, NE",60.84575601
"McDuffie, GA",60.28286575
"Hudspeth, TX",60.27727547
"Webster, MS",60.07810153
"Lincoln, WY",59.89980396
"Breckinridge, KY",59.88023952
"Addison, VT",59.79723302
"Schoharie, NY",59.66587112
"Treutlen, GA",59.59475566
"Ringgold, IA",59.14826498
"Garrard, KY",59.11912504
"Lewis, MO",59.10165485
"Washakie, WY",59.08070424
"Custer, SD",59.04581956
"Cumberland, KY",58.918839299999995
"Brunswick, VA",58.91710364
"Noble, IN",58.86062645
"Orange, VT",58.79301401
"Hanson, SD",58.73715125
"Woodford, IL",58.56440812
"McCone, MT",58.51375073
"Jackson, MN",58.47953216
"Teton, ID",58.39416058
"Johnson, NE",58.32037325
"Parke, IN",58.13277526
"Green Lake, WI",58.01993776
"Juab, UT",57.98221879
"Floyd, VA",57.95981453
"Somervell, TX",57.75005775
"Sussex, NJ",57.53739931
"Sagadahoc, ME",57.12164053
"Hancock, MS",57.06008866
"Hardin, OH",56.88821466
"Columbia, GA",56.861818400000004
"Lawrence, KY",56.76084763
"Spencer, KY",56.69898509
"Russell, KY",56.33168094
"Powell, KY",56.02689291
"Harney, OR",55.97537084
"Sarpy, NE",55.51257596
"Harrison, IA",55.43621371
"Copiah, MS",55.32312161
"Tillamook, OR",55.29881108
"Lafayette, AR",55.15719801
"Anderson, KY",55.01811013
"Jackson, WV",54.83583522
"DeKalb, MO",54.51713396
"Grant, LA",54.47117567
"Coshocton, OH",54.40696409
"Ransom, ND",54.38723713
"Tippah, MS",54.33798225
"Dearborn, IN",54.10387945
"Hancock, IA",54.08328826
"Chaffee, CO",54.02485143
"Crittenden, KY",54.02485143
"Ozaukee, WI",53.989477799999996
"Waldo, ME",53.92912173
"Oliver, ND",53.36179296
"Powhatan, VA",53.08043455
"Edwards, TX",53.07855626
"McCook, SD",53.05978069
"Taylor, WV",53.02539327
"Marinette, WI",52.87190579
"Fillmore, MN",52.79577634
"Lamar, MS",52.72019183
"Knox, IN",52.69536808
"Pearl River, MS",52.65833818
"Grant, KY",52.5188866
"Clinton, OH",52.44963643
"Cache, UT",52.17733451
"Plymouth, IA",52.0895941
"Cass, IN",51.99802408
"Paulding, OH",51.93725979
"Greene, IN",51.85930875
"Sullivan, IN",51.83056118
"George, MS",51.815708799999996
"Deuel, NE",51.62622612
"Mercer, OH",51.4907807
"Gilliam, OR",51.36106831
"Armstrong, TX",51.30836326
"Leake, MS",51.30616957
"Lewis, ID",51.25576627
"Stewart, GA",51.12474438
"Steele, ND",51.02040816
"Lake of the Woods, MN",50.903537799999995
"Gosper, NE",50.70993915
"Benton, IA",50.5856259
"Washington, KY",50.52631579
"Broomfield, CO",50.44475459
"York, NE",50.42137866
"Larue, KY",49.77246871
"Isanti, MN",49.73301225
"Pittsylvania, VA",49.65879601
"Vernon, WI",49.45761482
"Dolores, CO",49.28536225
"Lincoln, KY",49.24086992
"Richardson, NE",49.23076923
"Knox, MO",49.17629702
"Tuscarawas, OH",48.55835635
"Dawson, GA",48.48805431
"Keokuk, IA",48.40739665
"Muhlenberg, KY",48.10930434
"Oldham, KY",48.10467577
"LaMoure, ND",48.00768123
"Williams, OH",48.0
"Carter, KY",47.79060363
"Warren, IN",47.53416518
"Bracken, KY",47.52851711
"Belmont, OH",47.43355709
"Crawford, IN",47.07654646
"Carroll, IL",46.94835681
"Seward, NE",46.81373983
"Jefferson, OK",46.64179104
"Amherst, VA",46.61570017
"Greenup, KY",46.55111038
"Lake, MN",46.39510068
"Elbert, CO",46.34896558
"Magoffin, KY",46.33204633
"Menominee, WI",46.32846884
"Marion, GA",46.2962963
"Llano, TX",46.28677227
"Perry, IN",46.01697515
"Cedar, NE",45.91895305
"Morgan, IN",45.85709782
"Kingfisher, OK",45.82351401
"Platte, WY",45.63605248
"Jefferson, OH",45.61238303
"Stanton, KS",45.57885141
"Trimble, KY",45.37205082
"Putnam, IN",45.32728969
"Shelby, IL",45.21000045
"Highland, VA",45.14672686
"Pierce, ND",44.93372276
"Jasper, IN",44.92497529
"Monroe, IL",44.78547756
"Shelby, IN",44.71372041
"Kittson, MN",44.41483455
"Grant, OK",44.16961131
"Putnam, OH",44.00375499
"Culberson, TX",43.91743522
"Ogle, IL",43.9056982
"Kewaunee, WI",43.89173372
"Steuben, IN",43.65795448
"Benson, ND",43.62367311
"Lewis, KY",43.45936549
"Burke, ND",43.36513443
"Bath, VA",43.32755633
"Le Sueur, MN",43.14994606
"Hart, KY",43.07327841
"Spencer, IN",42.97173415
"Grand Isle, VT",42.93688278
"Miner, SD",42.86326618
"Henry, IN",42.81869342
"Woodruff, AR",42.42081448
"McLean, KY",42.12299916
"Whitley, IN",42.04961855
"Hutchinson, SD",41.98740378
"Wabasha, MN",41.97173903
"Faulk, SD",41.91114837
"Evangeline, LA",41.69396629
"Wasatch, UT",41.60835193
"Eddy, ND",41.59733777
"Lake, SD",41.47656574
"Floyd, KY",41.31377815
"Dickinson, IA",41.28575641
"Putnam, NY",41.14606854
"Marion, KS",40.91987888
"Morrill, NE",40.74979625
"Tensas, LA",40.74979625
"Wood, WI",40.56301464
"Union, SD",40.46125835
"Washington, ID",40.22526146
"Crawford, IA",40.15142824
"Wyandot, OH",40.09444469
"Carlisle, KY",39.9920016
"Kiowa, KS",39.63535474
"Pleasants, WV",39.59350666
"Renville, MN",39.56217856
"Allen, KY",39.387524
"Seneca, OH",39.34613871
"Elliott, KY",39.28244075
"Posey, IN",39.23722828
"Auglaize, OH",39.19860627
"Kemper, MS",38.85758694
"Madison, IA",38.83997929
"Carroll, IA",38.83872221
"Cook, MN",38.46153846
"Renville, ND",38.34355828
"Dickinson, MI",38.31711242
"Clay, TX",38.19344982
"Buchanan, IA",38.13882532
"Jim Hogg, TX",38.13155386
"Lincoln, NV",38.13155386
"Letcher, KY",38.10491553
"Otoe, NE",38.09040122
"Pike, KY",37.86683496
"Monroe, KY",37.449677
"Mitchell, IA",37.3517602
"Clay, IL",36.856848
"Columbiana, OH",36.82962991
"Webster, GA",36.77822729
"Hunterdon, NJ",36.43564356
"Wayne, UT",36.40334911
"Clay, IA",36.38348189999999
"Conejos, CO",36.24501631
"Geauga, OH",36.18099008
"Butler, NE",36.09239654
"Rockcastle, KY",35.94320973
"Dewey, SD",35.8037952
"Lafayette, WI",35.7867112
"Tolland, CT",35.67252621
"Washington, KS",35.53028957
"Lyon, KY",35.49875754
"Ziebach, SD",35.2858151
"Grand, CO",34.99195185
"Franklin, IN",34.85686898
"Boone, IN",34.72394464
"Washington, NE",34.61405331
"Hancock, KY",34.53436169
"Putnam, IL",34.47681434
"Fleming, KY",34.46374414
"Stevens, KS",34.38789546
"Taylor, WI",33.9640951
"Jones, IA",33.96244724
"Edwards, KS",33.95585739
"McHenry, ND",33.7723742
"Hamilton, IN",33.70487339
"Humphreys, MS",33.62474781
"Saunders, NE",33.44641407
"Montgomery, GA",33.25573661
"Uinta, WY",33.22889965
"Appomattox, VA",32.77613897
"Vilas, WI",32.75926619
"Upshur, WV",32.43462396
"Franklin, NE",32.41491086
"Wayne, NE",31.87759005
"Marshall, MN",31.83023873
"Salem, VA",31.62180323
"Ottawa, OH",31.58943455
"Howard, IA",31.49275667
"Schleicher, TX",31.19151591
"Humboldt, IA",30.96614368
"Huron, OH",30.56598006
"Perry, OH",30.55810206
"Brookings, SD",30.33244358
"Calhoun, IA",30.22365505
"Webster, KY",29.73535534
"Upton, TX",29.65599051
"Cameron, LA",29.65599051
"Shackelford, TX",29.62962963
"Jones, NC",29.36857562
"Wallowa, OR",29.35133549
"Holt, NE",28.71088142
"Bond, IL",28.62049227
"Winneshiek, IA",28.57959417
"Switzerland, IN",28.50085503
"Lac qui Parle, MN",28.46164793
"Randolph, AR",28.26136107
"Richland, WI",28.22148219
"Pierce, NE",27.97202797
"Reagan, TX",27.77006387
"Estill, KY",27.60905577
"Wolfe, KY",27.59381898
"Monroe, OH",27.42543709
"Webster, NE",27.11496746
"Mercer, MO",27.06359946
"Smith, KS",26.98327037
"Adams, ID",26.12330199
"Henry, KY",25.89834898
"Lafayette, MS",25.332242100000002
"Wells, IN",25.16718199
"Pike, IL",24.76780186
"Union, OH",24.38749859
"Traill, ND",24.25712553
"Mason, TX",24.2248062
"Corson, SD",23.72479241
"Fountain, IN",23.69668246
"Brown, MN",23.68545713
"Custer, ID",23.5349494
"Randolph, IN",23.41280681
"Mineral, MT",23.39181287
"Oneida, ID",23.39181287
"Adams, IN",23.11203559
"Leelanau, MI",22.99167701
"Phillips, CO",22.95684114
"Morgan, KY",22.42152466
"Jackson, KY",22.34304014
"Cuming, NE",22.23210316
"Ouray, CO",21.94426158
"Greene, IA",21.88423241
"Union, MS",21.61850544
"Pipestone, MN",21.57497303
"Owsley, KY",21.486893
"Oconto, WI",21.43737607
"Greene, MS",21.06149958
"Hamilton, NY",20.95118374
"Mills, TX",20.37905034
"East Feliciana, LA",20.275750199999997
"Metcalfe, KY",20.0340579
"Clinton, KY",19.71220185
"Morgan, UT",19.65988401
"Dickey, ND",19.05487805
"Owen, IN",18.86703457
"Knott, KY",18.77816725
"Owen, KY",18.75820672
"Holmes, OH",18.35157021
"Alleghany, NC",18.28320687
"Leslie, KY",18.15046737
"Brown, OH",18.07337791
"Perry, MS",16.486687
"Stanton, NE",16.30523398
"Cotton, OK",16.25487646
"Taylor, IA",16.23113131
"Menifee, KY",15.90330789
"Menard, IL",15.86420243
"Wayne, IA",15.62011871
"Buffalo, WI",14.97342218
"Bland, VA",14.84780995
"Breathitt, KY",14.76559616
"Lexington, VA",13.94700139
"Presidio, TX",13.88696014
"Grant, OR",13.73060552
"Rolette, ND",13.71553971
"Brown, IN",13.31292019
"Mitchell, NC",13.048016699999998
"Wabash, IN",12.36170344
"Decatur, IA",12.29105211
"Crawford, WI",12.19735317
"Knox, NE",11.67542323
"Hickory, MO",10.74691026
"Hancock, IL",10.74229241
"Jefferson, IN",9.242713661
"Shelby, IA",8.360504975
"Bath, KY",8.360504975
"Boone, IL",7.413310599
"Newton, TX",7.072135785
"Baker, OR",6.242976651
"Jasper, MS",6.071645416
"Fayette, IN",4.190939189
"Haakon, SD",0.0
"Day, SD",0.0
"Yukon-Koyukuk, AK",0.0
"Bowman, ND",0.0
"Grant, NE",0.0
"Sibley, MN",0.0
"Boyd, NE",0.0
"Graham, NC",0.0
"Sioux, ND",0.0
"Robertson, KY",0.0
"Liberty, MT",0.0
"Quitman, MS",0.0
"Wade Hampton, AK",0.0
"Hyde, NC",0.0
"Douglas, SD",0.0
"Thomas, NE",0.0
"Valley, NE",0.0
"Petroleum, MT",0.0
"Kingsbury, SD",0.0
"Hyde, SD",0.0
"Perry, AL",0.0
"Shannon, SD",0.0
"Jones, SD",0.0
"Grant, SD",0.0
"Lyman, SD",0.0
"Sioux, NE",0.0
"Smith, MS",0.0
"Collingsworth, TX",0.0
"Aleutians East, AK",0.0
"Lake and Peninsula, AK",0.0
"Gregory, SD",0.0
"Clarke, MS",0.0
"Norman, MN",0.0
"Noble, OH",0.0
"Buffalo, SD",0.0
"Calhoun, MS",0.0
"Harlan, NE",0.0
"Greeley, NE",0.0
"Benton, MS",0.0
"Treasure, MT",0.0
"Gates, NC",0.0
"Garfield, NE",0.0
"Mora, NM",0.0
"Loup, NE",0.0
"Kalawao, HI",0.0
"Garfield, UT",0.0
"Fremont, IA",0.0
"Jackson, LA",0.0
"Alcorn, MS",0.0
"Harding, NM",0.0
"Frontier, NE",0.0
"Dundy, NE",0.0
"Arthur, NE",0.0
"Blaine, NE",0.0
"Colfax, NE",0.0
"Jewell, KS",0.0
"Carroll, MS",0.0
"Hayes, NE",0.0
"Keya Paha, NE",0.0
"Boone, NE",0.0
"Gallatin, IL",0.0
"Powder River, MT",0.0
"King, TX",0.0
"Wayne, MS",0.0
"Sharkey, MS",0.0
"Wilkinson, MS",0.0
"Glascock, GA",0.0
"Logan, NE",0.0
"Clay, NE",0.0
"Issaquena, MS",0.0
"Howard, NE",0.0
"Yalobusha, MS",0.0
"Hooker, NE",0.0
"Jenkins, GA",0.0
"McPherson, NE",0.0
"Calhoun, IL",0.0
"Pope, IL",0.0
"Southeast Fairbanks, AK",0.0
"Lincoln, KS",0.0
"Sanborn, SD",0.0
"Montgomery, AR",0.0
"Emmons, ND",0.0
"Harper, OK",0.0
"Cavalier, ND",0.0
"Daggett, UT",0.0
"Motley, TX",0.0
"Piute, UT",0.0
"Fallon, MT",0.0
"Sherman, NE",0.0
"Pawnee, NE",0.0
"Chattahoochee, GA",0.0
"Coke, TX",0.0
"Kidder, ND",0.0
"Logan, ND",0.0
"Sargent, ND",0.0
"Billings, ND",0.0
"Aurora, SD",0.0
"Divide, ND",0.0
"Scott, IL",0.0
"Elk, KS",0.0
"Putnam, MO",0.0
"Granite, MT",0.0
"Hardeman, TX",0.0
"Toole, MT",0.0
"Noxubee, MS",0.0
"Merrick, NE",0.0
"Prentiss, MS",0.0
"Garza, TX",0.0
"Big Stone, MN",0.0
"Covington, MS",0.0
"Sheridan, ND",0.0
"Jefferson, NE",0.0
"Essex, VT",0.0
"Echols, GA",0.0
"Gentry, MO",0.0
"Hamilton, IL",0.0
"Polk, NE",0.0
"Brown, NE",0.0
"Butler, IA",0.0
"Clark, SD",0.0
"Crockett, TX",0.0
"Lipscomb, TX",0.0
"McPherson, SD",0.0
"Red Lake, MN",0.0
"Wheeler, NE",0.0
"Slope, ND",0.0
"Bon Homme, SD",0.0
"Loving, TX",0.0
"Carter, MT",0.0
"Banner, NE",0.0
"Fillmore, NE",0.0
"Garfield, MT",0.0
"Sully, SD",0.0
"Mineral, CO",0.0
"Edmunds, SD",0.0
"Garden, NE",0.0
"Thurston, NE",0.0
"Union, IN",0.0
"Todd, SD",0.0
"Kinney, TX",0.0
"Furnas, NE",0.0
"Wibaux, MT",0.0
"McIntosh, ND",0.0
"Adams, ND",0.0
"Osceola, IA",0.0
"Sherman, TX",0.0
"Perkins, SD",0.0
"Hinsdale, CO",0.0
"Campbell, SD",0.0
"Golden Valley, ND",0.0
"Clark, ID",0.0
"Briscoe, TX",0.0
"Foster, ND",0.0
"Box Butte, NE",0.0
"Cottle, TX",0.0
"Ohio, IN",0.0
"Newton, MS",0.0
"Jerauld, SD",0.0
"Cimarron, OK",0.0
"Lawrence, MS",0.0
