,county,counts
0,"Los Angeles, CA",228
1,"Cook, IL",125
2,"Maricopa, AZ",92
3,"New York, NY",91
4,"Miami-Dade, FL",88
5,"Harris, TX",77
6,"Dallas, TX",76
7,"Orange, CA",75
8,"San Diego, CA",75
9,"Bexar, TX",53
10,"Kings, NY",52
11,"Broward, FL",48
12,"Allegheny, PA",47
13,"Alameda, CA",47
14,"King, WA",46
15,"St. Louis, MO",46
16,"Philadelphia, PA",45
17,"Middlesex, MA",41
18,"Davidson, TN",39
19,"Riverside, CA",38
20,"Cuyahoga, OH",37
21,"Franklin, OH",37
22,"Fulton, GA",36
23,"Hennepin, MN",36
24,"Marion, IN",35
25,"Suffolk, MA",35
26,"Tarrant, TX",35
27,"Baltimore, MD",35
28,"Orange, FL",34
29,"Clark, NV",34
30,"Shelby, TN",34
31,"Wayne, MI",34
32,"Salt Lake, UT",33
33,"Sacramento, CA",33
34,"Hamilton, OH",32
35,"Montgomery, PA",32
36,"Hillsborough, FL",32
37,"Palm Beach, FL",31
38,"Oakland, MI",31
39,"Travis, TX",31
40,"San Bernardino, CA",31
41,"San Juan Municipio, PR",31
42,"Multnomah, OR",31
43,"Hartford, CT",30
44,"Queens, NY",30
45,"Santa Clara, CA",30
46,"East Baton Rouge, LA",29
47,"Duval, FL",29
48,"Jefferson, KY",28
49,"New Haven, CT",28
50,"Milwaukee, WI",27
51,"Mecklenburg, NC",27
52,"Erie, NY",26
53,"Jackson, MO",26
54,"San Francisco, CA",25
55,"District Of Columbia, DC",25
56,"Norfolk, MA",25
57,"Westchester, NY",25
58,"Oklahoma, OK",24
59,"Dupage, IL",24
60,"Tulsa, OK",24
61,"Pulaski, AR",24
62,"Fresno, CA",23
63,"Denver, CO",23
64,"Nassau, NY",23
65,"Pima, AZ",22
66,"Bayamón Municipio, PR",22
67,"Delaware, PA",22
68,"Worcester, MA",22
69,"Honolulu, HI",21
70,"Wake, NC",21
71,"Fairfax, VA",21
72,"Albany, NY",21
73,"Arapahoe, CO",20
74,"Monroe, NY",20
75,"El Paso, CO",19
76,"Middlesex, NJ",19
77,"Fairfield, CT",19
78,"Montgomery, OH",19
79,"Dekalb, GA",19
80,"Rockland, NY",18
81,"Greene, MO",18
82,"Johnson, KS",18
83,"Hidalgo, TX",18
84,"Orleans, LA",18
85,"Suffolk, NY",18
86,"Richland, SC",18
87,"Utah, UT",17
88,"Charleston, SC",17
89,"Dane, WI",17
90,"Bernalillo, NM",17
91,"Hampden, MA",17
92,"Guilford, NC",17
93,"Ramsey, MN",17
94,"Virginia Beach, VA",17
95,"Kent, MI",16
96,"Providence, RI",16
97,"Pinellas, FL",16
98,"Jefferson, AL",16
99,"Bergen, NJ",16
100,"Hinds, MS",16
101,"Spokane, WA",16
102,"Douglas, NE",16
103,"Lancaster, PA",15
104,"Ocean, NJ",15
105,"Ventura, CA",15
106,"Lee, FL",15
107,"Essex, NJ",15
108,"Hillsborough, NH",15
109,"Onondaga, NY",15
110,"El Paso, TX",14
111,"Lehigh, PA",14
112,"Ponce Municipio, PR",14
113,"Lake, IN",14
114,"Bucks, PA",14
115,"Lucas, OH",14
116,"Caddo, LA",14
117,"Polk, IA",14
118,"New Castle, DE",13
119,"Cumberland, ME",13
120,"Sedgwick, KS",13
121,"Kern, CA",13
122,"Knox, TN",13
123,"Hudson, NJ",13
124,"Camden, NJ",13
125,"Cobb, GA",13
126,"Polk, FL",13
127,"Stanislaus, CA",13
128,"Lackawanna, PA",13
129,"Prince George'S, MD",13
130,"Greene, OH",13
131,"Seminole, FL",13
132,"Lancaster, NE",13
133,"Stark, OH",13
134,"Allen, IN",13
135,"Henrico, VA",13
136,"Luzerne, PA",13
137,"Summit, OH",13
138,"Greenville, SC",12
139,"Contra Costa, CA",12
140,"Madison, AL",12
141,"Bronx, NY",12
142,"Montgomery, AL",12
143,"Ada, ID",12
144,"Genesee, MI",12
145,"Jefferson, CO",12
146,"Morris, NJ",12
147,"Essex, MA",12
148,"Pierce, WA",12
149,"Caguas Municipio, PR",12
150,"San Joaquin, CA",12
151,"St. Joseph, IN",11
152,"Passaic, NJ",11
153,"Arecibo Municipio, PR",11
154,"Santa Barbara, CA",11
155,"Macomb, MI",11
156,"Gwinnett, GA",11
157,"Westmoreland, PA",11
158,"Bristol, MA",11
159,"Lubbock, TX",11
160,"Fayette, KY",11
161,"Union, NJ",11
162,"Chatham, GA",11
163,"St. Louis, MN",10
164,"Lake, IL",10
165,"Kanawha, WV",10
166,"Marion, OR",10
167,"Mayagüez Municipio, PR",10
168,"Berks, PA",10
169,"Norfolk, VA",10
170,"Durham, NC",10
171,"Chesterfield, VA",10
172,"York, PA",10
173,"Lafayette, LA",10
174,"Montgomery, MD",10
175,"Erie, PA",10
176,"Mobile, AL",10
177,"Washoe, NV",10
178,"Dauphin, PA",10
179,"Kane, IL",10
180,"Mercer, NJ",10
181,"Leon, FL",10
182,"Arlington, VA",9
183,"Merrimack, NH",9
184,"Anne Arundel, MD",9
185,"Jefferson, LA",9
186,"Chester, PA",9
187,"Brevard, FL",9
188,"Will, IL",9
189,"Tulare, CA",9
190,"Washington, OR",9
191,"Lake, OH",9
192,"Alachua, FL",9
193,"Volusia, FL",9
194,"San Mateo, CA",9
195,"Sarasota, FL",9
196,"Pasco, FL",9
197,"Ouachita, LA",9
198,"Monterey, CA",9
199,"Spartanburg, SC",9
200,"Adams, CO",9
201,"Ingham, MI",9
202,"Forsyth, NC",9
203,"Escambia, FL",8
204,"Richmond, GA",8
205,"Newport News, VA",8
206,"Cameron, TX",8
207,"Hamilton, TN",8
208,"Washington, AR",8
209,"Clayton, GA",8
210,"Brown, WI",8
211,"Dutchess, NY",8
212,"Kalamazoo, MI",8
213,"Lorain, OH",8
214,"Boulder, CO",8
215,"Lynchburg, VA",8
216,"Jasper, MO",8
217,"Solano, CA",8
218,"Dakota, MN",8
219,"Snohomish, WA",8
220,"New London, CT",8
221,"Olmsted, MN",8
222,"Columbiana, OH",8
223,"Scott, IA",8
224,"Washington, UT",8
225,"Orange, NY",8
226,"Minnehaha, SD",7
227,"Jefferson, TX",7
228,"Mohave, AZ",7
229,"Yakima, WA",7
230,"Collier, FL",7
231,"Outagamie, WI",7
232,"Winnebago, IL",7
233,"Sebastian, AR",7
234,"Beaver, PA",7
235,"Allen, OH",7
236,"Blair, PA",7
237,"Manatí Municipio, PR",7
238,"Oneida, NY",7
239,"Sangamon, IL",7
240,"Woodbury, IA",7
241,"Monmouth, NJ",7
242,"Benton, AR",7
243,"Mahoning, OH",7
244,"Cass, ND",7
245,"Butler, OH",7
246,"Dubuque, IA",7
247,"Buncombe, NC",7
248,"Cumberland, NC",7
249,"Warren, KY",7
250,"Roanoke, VA",7
251,"Santa Fe, NM",7
252,"Boone, MO",7
253,"Trumbull, OH",7
254,"Cambria, PA",7
255,"Nueces, TX",7
256,"Vanderburgh, IN",7
257,"Linn, IA",7
258,"Adams, IL",7
259,"Tippecanoe, IN",7
260,"Hampshire, MA",6
261,"Penobscot, ME",6
262,"Frederick, MD",6
263,"Prince William, VA",6
264,"Black Hawk, IA",6
265,"Plymouth, MA",6
266,"Carolina Municipio, PR",6
267,"Monongalia, WV",6
268,"Mercer, PA",6
269,"Waukesha, WI",6
270,"Canyon, ID",6
271,"Aguadilla Municipio, PR",6
272,"Forrest, MS",6
273,"Marathon, WI",6
274,"Rapides, LA",6
275,"Comanche, OK",6
276,"Montgomery, TN",6
277,"Terrebonne, LA",6
278,"Schenectady, NY",6
279,"Osceola, FL",6
280,"St. Lucie, FL",6
281,"Calcasieu, LA",6
282,"Berkshire, MA",6
283,"Brazos, TX",6
284,"Clark, IN",6
285,"Cumberland, PA",6
286,"Lane, OR",6
287,"Wayne, IN",6
288,"Pennington, SD",6
289,"Howard, IN",6
290,"Richland, OH",6
291,"Vigo, IN",6
292,"Bibb, GA",6
293,"Muscogee, GA",6
294,"La Crosse, WI",6
295,"York, ME",6
296,"San Luis Obispo, CA",6
297,"Williamson, TX",6
298,"Washington, VT",6
299,"Madison, TN",6
300,"Larimer, CO",6
301,"Portage, OH",6
302,"St. Charles, MO",6
303,"Washington, PA",6
304,"Stearns, MN",6
305,"Cleveland, OK",6
306,"Bell, TX",6
307,"Pottawatomie, OK",6
308,"Horry, SC",6
309,"Kenosha, WI",6
310,"Atlantic, NJ",6
311,"Burleigh, ND",5
312,"Lawrence, PA",5
313,"Madison, IN",5
314,"Northampton, PA",5
315,"Richmond, NY",5
316,"Webb, TX",5
317,"Jackson, OR",5
318,"Santa Cruz, CA",5
319,"Daviess, KY",5
320,"St. Clair, MI",5
321,"St. Tammany, LA",5
322,"Kent, DE",5
323,"Cabell, WV",5
324,"Wood, OH",5
325,"Niagara, NY",5
326,"Doña Ana, NM",5
327,"Phelps, MO",5
328,"Washtenaw, MI",5
329,"Weber, UT",5
330,"Windham, VT",5
331,"Clark, WA",5
332,"Sonoma, CA",5
333,"Burlington, NJ",5
334,"Placer, CA",5
335,"Eau Claire, WI",5
336,"Chesapeake, VA",5
337,"Isabella, MI",5
338,"Tuscaloosa, AL",5
339,"Anderson, SC",5
340,"Galveston, TX",5
341,"Schuylkill, PA",5
342,"Rock, WI",5
343,"Rutherford, TN",5
344,"Pitt, NC",5
345,"Peoria, IL",5
346,"Franklin, PA",5
347,"Chittenden, VT",5
348,"Ohio, WV",5
349,"Mclean, IL",5
350,"Rock Island, IL",5
351,"Crawford, PA",5
352,"Licking, OH",5
353,"Clackamas, OR",5
354,"Shawnee, KS",5
355,"Berkeley, WV",5
356,"Kennebec, ME",5
357,"Scioto, OH",5
358,"Wood, WV",5
359,"Howard, MD",5
360,"Taylor, TX",5
361,"Erie, OH",5
362,"Merced, CA",5
363,"Douglas, KS",5
364,"Raleigh, WV",5
365,"Lebanon, PA",5
366,"Potter, TX",5
367,"Hampton, VA",5
368,"Ottawa, MI",5
369,"Smith, TX",5
370,"Broome, NY",5
371,"Denton, TX",5
372,"Delaware, OH",5
373,"Macon, IL",4
374,"Muskegon, MI",4
375,"Campbell, KY",4
376,"Ontario, NY",4
377,"New Hanover, NC",4
378,"Mercer, WV",4
379,"Deschutes, OR",4
380,"Platte, MO",4
381,"Humacao Municipio, PR",4
382,"Cache, UT",4
383,"Miami, OH",4
384,"Yuma, AZ",4
385,"Shelby, AL",4
386,"Mclennan, TX",4
387,"Hall, GA",4
388,"Richmond, VA",4
389,"Humboldt, CA",4
390,"Middlesex, CT",4
391,"York, SC",4
392,"Anoka, MN",4
393,"Rowan, NC",4
394,"Whatcom, WA",4
395,"Wayne, OH",4
396,"Thurston, WA",4
397,"Río Grande Municipio, PR",4
398,"Faulkner, AR",4
399,"Williamson, TN",4
400,"Jackson, MI",4
401,"Gregg, TX",4
402,"Coconino, AZ",4
403,"Rensselaer, NY",4
404,"Napa, CA",4
405,"Hancock, OH",4
406,"Riley, KS",4
407,"Florence, SC",4
408,"Butler, PA",4
409,"Danville, VA",4
410,"Mchenry, IL",4
411,"Bradley, TN",4
412,"Grafton, NH",4
413,"Gallatin, MT",4
414,"Calhoun, MI",4
415,"Orangeburg, SC",4
416,"Manatee, FL",4
417,"Bossier, LA",4
418,"Cattaraugus, NY",4
419,"Jefferson, AR",4
420,"Lexington, SC",4
421,"Floyd, GA",4
422,"Clay, FL",4
423,"Le Flore, OK",4
424,"Kent, RI",4
425,"St. Clair, IL",4
426,"Muskingum, OH",4
427,"Cheshire, NH",4
428,"Marion, FL",4
429,"Harrison, MS",4
430,"Aiken, SC",4
431,"Chemung, NY",4
432,"Shasta, CA",4
433,"Chautauqua, NY",4
434,"Fayette, PA",4
435,"Muskogee, OK",4
436,"Porter, IN",4
437,"Hendricks, IN",4
438,"Barnstable, MA",4
439,"Victoria, TX",4
440,"Monroe, PA",4
441,"Tompkins, NY",4
442,"Graham, AZ",4
443,"Yellowstone, MT",4
444,"Kings, CA",4
445,"St. Lawrence, NY",4
446,"Gloucester, NJ",4
447,"Sumter, SC",4
448,"Adair, MO",4
449,"Champaign, IL",4
450,"Washington, TN",4
451,"Cape Girardeau, MO",4
452,"Baldwin, AL",4
453,"Eaton, MI",4
454,"Harrison, WV",4
455,"Collin, TX",4
456,"Clinton, NY",4
457,"Putnam, TN",4
458,"Delaware, IN",4
459,"Buchanan, MO",4
460,"Hamilton, IN",4
461,"Saginaw, MI",4
462,"Madison, KY",4
463,"Clay, MO",4
464,"Centre, PA",4
465,"Cole, MO",4
466,"Saline, KS",4
467,"Dekalb, IL",4
468,"Madison, NY",3
469,"Anchorage, AK",3
470,"Seneca, OH",3
471,"Mayes, OK",3
472,"Medina, OH",3
473,"Cherokee, OK",3
474,"Pulaski, MO",3
475,"Nez Perce, ID",3
476,"Whitfield, GA",3
477,"Silver Bow, MT",3
478,"Jefferson, WV",3
479,"Douglas, GA",3
480,"Aroostook, ME",3
481,"Berrien, MI",3
482,"Somerset, NJ",3
483,"Rockingham, NH",3
484,"Iron, UT",3
485,"Dallas, AL",3
486,"Vernon, MO",3
487,"Washington, MD",3
488,"Johnson, IA",3
489,"Genesee, NY",3
490,"Cayuga, NY",3
491,"Alamance, NC",3
492,"Fort Bend, TX",3
493,"Sioux, IA",3
494,"Winchester, VA",3
495,"Madison, ID",3
496,"Kankakee, IL",3
497,"Adams, PA",3
498,"Sarpy, NE",3
499,"Yolo, CA",3
500,"Jefferson, NY",3
501,"Orange, NC",3
502,"Rice, MN",3
503,"Okmulgee, OK",3
504,"Butte, CA",3
505,"Mesa, CO",3
506,"Twin Falls, ID",3
507,"Guam, GU",3
508,"Latah, ID",3
509,"Montgomery, KS",3
510,"Weld, CO",3
511,"Grant, IN",3
512,"Union, PA",3
513,"Cascade, MT",3
514,"Cecil, MD",3
515,"Saratoga, NY",3
516,"Rutland, VT",3
517,"Cabarrus, NC",3
518,"Vermilion, IL",3
519,"Athens, OH",3
520,"Jessamine, KY",3
521,"Madison, MS",3
522,"Tazewell, IL",3
523,"Warren, OH",3
524,"Aguada Municipio, PR",3
525,"Bonneville, ID",3
526,"Klamath, OR",3
527,"Otsego, NY",3
528,"Cass, MO",3
529,"Sumner, TN",3
530,"Grayson, TX",3
531,"Warren, NY",3
532,"Guaynabo Municipio, PR",3
533,"Lawrence, OH",3
534,"Wilson, NC",3
535,"Stephenson, IL",3
536,"Beltrami, MN",3
537,"Douglas, CO",3
538,"Kay, OK",3
539,"Pope, AR",3
540,"Clay, MN",3
541,"Pettis, MO",3
542,"Dougherty, GA",3
543,"Pike, AL",3
544,"Livingston, MI",3
545,"Houston, AL",3
546,"Brazoria, TX",3
547,"Washington, MN",3
548,"Laramie, WY",3
549,"Bulloch, GA",3
550,"Wilson, TN",3
551,"Franklin, MO",3
552,"Marion, OH",3
553,"Iredell, NC",3
554,"Rogers, OK",3
555,"Pasquotank, NC",3
556,"Imperial, CA",3
557,"Newport, RI",3
558,"Madison, IL",3
559,"Wicomico, MD",3
560,"Allegany, NY",3
561,"Yamhill, OR",3
562,"Montgomery, VA",3
563,"San Sebastián Municipio, PR",3
564,"Canadian, OK",3
565,"Morgan, IL",3
566,"Blue Earth, MN",3
567,"Lincoln, LA",3
568,"Indiana, PA",3
569,"Lincoln, SD",3
570,"Fulton, IL",3
571,"Clarke, GA",3
572,"Cerro Gordo, IA",3
573,"Monroe, IN",3
574,"Bartholomew, IN",3
575,"Fond Du Lac, WI",3
576,"Sussex, DE",3
577,"Greenwood, SC",3
578,"Yavapai, AZ",3
579,"Hawaii, HI",3
580,"Jefferson, OH",3
581,"Benton, WA",3
582,"Davis, UT",3
583,"White, AR",3
584,"Lake, FL",3
585,"Gaston, NC",3
586,"Elkhart, IN",3
587,"Washington, OH",3
588,"Winona, MN",3
589,"Mcpherson, KS",3
590,"Ulster, NY",3
591,"Marin, CA",3
592,"Boone, KY",3
593,"Marion, WV",3
594,"Bowie, TX",3
595,"Androscoggin, ME",3
596,"Walla Walla, WA",3
597,"Gallia, OH",3
598,"Jones, MS",3
599,"Bryan, OK",3
600,"Knox, OH",3
601,"Hardin, KY",3
602,"Windham, CT",3
603,"Salem, VA",3
604,"Midland, MI",3
605,"Knox, IN",3
606,"Warren, NJ",2
607,"Habersham, GA",2
608,"Mcminn, TN",2
609,"Polk, MO",2
610,"Coles, IL",2
611,"Ascension, LA",2
612,"Bay, FL",2
613,"Butler, MO",2
614,"Logan, WV",2
615,"Staunton, VA",2
616,"Sandusky, OH",2
617,"Rankin, MS",2
618,"Robeson, NC",2
619,"Carter, TN",2
620,"Sullivan, NY",2
621,"Tuscarawas, OH",2
622,"Mineral, WV",2
623,"Jackson, FL",2
624,"Bannock, ID",2
625,"Lycoming, PA",2
626,"Ashtabula, OH",2
627,"Ellis, KS",2
628,"Lyon, KS",2
629,"Hays, TX",2
630,"Kenai Peninsula, AK",2
631,"Beaufort, SC",2
632,"Clark, OH",2
633,"Boyd, KY",2
634,"Mifflin, PA",2
635,"Garfield, CO",2
636,"Albemarle, VA",2
637,"Garland, AR",2
638,"Baxter, AR",2
639,"Alexandria, VA",2
640,"Fairfield, OH",2
641,"Ashland, OH",2
642,"Nash, NC",2
643,"Onslow, NC",2
644,"Sutter, CA",2
645,"Racine, WI",2
646,"Ross, OH",2
647,"Baldwin, GA",2
648,"Beaverhead, MT",2
649,"Jackson, IL",2
650,"Winnebago, WI",2
651,"Winneshiek, IA",2
652,"Lowndes, GA",2
653,"Washington, TX",2
654,"Wadena, MN",2
655,"Mckinley, NM",2
656,"Ottawa, OK",2
657,"Hamblen, TN",2
658,"Woodford, KY",2
659,"Harford, MD",2
660,"Mccurtain, OK",2
661,"Jefferson, IN",2
662,"Wapello, IA",2
663,"Delta, MI",2
664,"Codington, SD",2
665,"Howard, MO",2
666,"Franklin, VA",2
667,"Bay, MI",2
668,"Latimer, OK",2
669,"Clermont, OH",2
670,"Strafford, NH",2
671,"Lincoln, OR",2
672,"Thurston, NE",2
673,"Harrison, TX",2
674,"Marshall, IA",2
675,"Belknap, NH",2
676,"Clarion, PA",2
677,"Jefferson, PA",2
678,"Catawba, NC",2
679,"Howell, MO",2
680,"Barranquitas Municipio, PR",2
681,"Carter, OK",2
682,"Roane, TN",2
683,"Lenawee, MI",2
684,"Campbell, TN",2
685,"Randall, TX",2
686,"Walworth, WI",2
687,"Guadalupe, TX",2
688,"Maury, TN",2
689,"Tazewell, VA",2
690,"Hancock, ME",2
691,"Thomas, GA",2
692,"Cherokee, TX",2
693,"Nodaway, MO",2
694,"Cleveland, NC",2
695,"Ector, TX",2
696,"Pinal, AZ",2
697,"Buena Vista, IA",2
698,"Tolland, CT",2
699,"Walker, TX",2
700,"Washington, ME",2
701,"Dodge, NE",2
702,"Hertford, NC",2
703,"Rhea, TN",2
704,"Greene, PA",2
705,"Roscommon, MI",2
706,"Saline, MO",2
707,"Grand Forks, ND",2
708,"Chippewa, MI",2
709,"Menominee, WI",2
710,"Sullivan, TN",2
711,"Perry, AL",2
712,"Wood, TX",2
713,"Fairbanks North Star, AK",2
714,"Harnett, NC",2
715,"Buchanan, VA",2
716,"Wise, VA",2
717,"Juana Díaz Municipio, PR",2
718,"St. Mary'S, MD",2
719,"Uvalde, TX",2
720,"Harvey, KS",2
721,"Kerr, TX",2
722,"Union, AR",2
723,"Henry, IA",2
724,"Benton, OR",2
725,"Independence, AR",2
726,"Missoula, MT",2
727,"Carroll, TN",2
728,"Pickens, SC",2
729,"Kenton, KY",2
730,"Clatsop, OR",2
731,"Lewis And Clark, MT",2
732,"Angelina, TX",2
733,"Garfield, OK",2
734,"Hillsdale, MI",2
735,"Augusta, VA",2
736,"Seward, NE",2
737,"Tippah, MS",2
738,"Anson, NC",2
739,"Johnson, MO",2
740,"Richland, IL",2
741,"Webster, IA",2
742,"Jefferson, MO",2
743,"Craighead, AR",2
744,"Pueblo, CO",2
745,"Albany, WY",2
746,"Avery, NC",2
747,"Houghton, MI",2
748,"Oswego, NY",2
749,"Geauga, OH",2
750,"Chelan, WA",2
751,"Josephine, OR",2
752,"Randolph, MO",2
753,"Huntingdon, PA",2
754,"Cochise, AZ",2
755,"Mendocino, CA",2
756,"Gloucester, VA",2
757,"Polk, MN",2
758,"Ellis, TX",2
759,"Knox, IL",2
760,"Clearfield, PA",2
761,"Floyd, IN",2
762,"Fajardo Municipio, PR",2
763,"Bamberg, SC",2
764,"Desoto, MS",2
765,"Newton, MO",2
766,"Carroll, MD",2
767,"Herkimer, NY",2
768,"Bristol, RI",2
769,"Eastland, TX",2
770,"Bennington, VT",2
771,"Marshall, AL",2
772,"Livingston, NY",2
773,"Webster, MO",2
774,"Story, IA",2
775,"Scotts Bluff, NE",2
776,"Tangipahoa, LA",2
777,"St. Landry, LA",2
778,"Cowley, KS",2
779,"Putnam, WV",2
780,"St. Johns, FL",2
781,"Watauga, NC",2
782,"Limestone, AL",2
783,"Logan, IL",2
784,"Kitsap, WA",2
785,"Grant, WI",2
786,"Spotsylvania, VA",2
787,"San Miguel, NM",2
788,"Christian, KY",2
789,"Sumter, GA",2
790,"Nicollet, MN",2
791,"Callaway, MO",2
792,"Pike, KY",2
793,"El Dorado, CA",2
794,"Oldham, KY",2
795,"Gurabo Municipio, PR",2
796,"Monroe, IL",2
797,"St. Francis, AR",2
798,"Stanly, NC",2
799,"Brown, SD",2
800,"Armstrong, PA",2
801,"Douglas, OR",2
802,"Wyandotte, KS",2
803,"Prince Edward, VA",2
804,"Monroe, MI",2
805,"Cowlitz, WA",2
806,"Montgomery, TX",2
807,"Lexington, VA",2
808,"Woodward, OK",2
809,"Wexford, MI",2
810,"Finney, KS",2
811,"Upshur, WV",2
812,"Ward, ND",2
813,"Woods, OK",2
814,"Wayne, NC",2
815,"Snyder, PA",2
816,"Clark, AR",2
817,"Cayey Municipio, PR",2
818,"Otero, NM",2
819,"Lea, NM",2
820,"Dyer, TN",2
821,"Franklin, KS",2
822,"Pottawattamie, IA",2
823,"Perry, KY",2
824,"Lee, IL",2
825,"Howard, TX",2
826,"Guayama Municipio, PR",2
827,"Jackson, NC",2
828,"Russell, AL",2
829,"Montgomery, NY",2
830,"Claiborne, TN",2
831,"Loudoun, VA",2
832,"Whiteside, IL",2
833,"Jackson, OK",2
834,"Harrisonburg, VA",2
835,"Davison, SD",2
836,"Troup, GA",2
837,"Henry, OH",2
838,"Flathead, MT",2
839,"Washington, VA",2
840,"Grand Traverse, MI",2
841,"Manitowoc, WI",2
842,"Chaves, NM",2
843,"Montgomery, IL",2
844,"Lasalle, IL",2
845,"Lauderdale, AL",2
846,"Tom Green, TX",2
847,"Okaloosa, FL",2
848,"Randolph, WV",2
849,"Giles, TN",2
850,"Allegany, MD",2
851,"Payne, OK",2
852,"Yankton, SD",2
853,"Hopkins, KY",2
854,"Pontotoc, OK",2
855,"Belmont, OH",2
856,"Spalding, GA",1
857,"Rio Blanco, CO",1
858,"Poweshiek, IA",1
859,"Siskiyou, CA",1
860,"Scott, MO",1
861,"Rice, KS",1
862,"Clinton, PA",1
863,"Taos, NM",1
864,"Marshall, IN",1
865,"Wyoming, PA",1
866,"Itawamba, MS",1
867,"Mower, MN",1
868,"Union, SC",1
869,"Woodford, IL",1
870,"Somerset, MD",1
871,"Orange, VA",1
872,"Wichita, TX",1
873,"Caledonia, VT",1
874,"Cumberland, TN",1
875,"Skagit, WA",1
876,"Clarke, AL",1
877,"Kiowa, KS",1
878,"Boone, IN",1
879,"Haywood, NC",1
880,"Orange, VT",1
881,"Washington, GA",1
882,"Lake, SD",1
883,"Washington, NY",1
884,"Windsor, VT",1
885,"Warrick, IN",1
886,"Shiawassee, MI",1
887,"Pamlico, NC",1
888,"Valencia, NM",1
889,"Quay, NM",1
890,"Utuado Municipio, PR",1
891,"Mississippi, AR",1
892,"Conway, AR",1
893,"Saline, IL",1
894,"Barton, KS",1
895,"St. Thomas Island, VI",1
896,"Huron, OH",1
897,"Caddo, OK",1
898,"Cooke, TX",1
899,"Navajo, AZ",1
900,"Franklin, ME",1
901,"Seneca, NY",1
902,"Monroe, FL",1
903,"Overton, TN",1
904,"Arroyo Municipio, PR",1
905,"Jackson, AR",1
906,"Washington, RI",1
907,"Champaign, OH",1
908,"Martin, NC",1
909,"Highland, OH",1
910,"Colleton, SC",1
911,"Kosciusko, IN",1
912,"Monroe, AL",1
913,"N, PW",1
914,"Saipan, MP",1
915,"Sweetwater, WY",1
916,"Lamar, MS",1
917,"Escambia, AL",1
918,"Etowah, AL",1
919,"Bedford, PA",1
920,"Duplin, NC",1
921,"Stark, ND",1
922,"Broomfield, CO",1
923,"Saline, NE",1
924,"Columbia, PA",1
925,"Franklin, NY",1
926,"Claiborne, MS",1
927,"Liberty, GA",1
928,"Putnam, FL",1
929,"Greenbrier, WV",1
930,"Washington, LA",1
931,"Glynn, GA",1
932,"Jefferson, IA",1
933,"Henderson, TX",1
934,"Montgomery, GA",1
935,"St. Francois, MO",1
936,"Holmes, MS",1
937,"Lincoln, NE",1
938,"Crittenden, AR",1
939,"Ionia, MI",1
940,"Malheur, OR",1
941,"Union, OR",1
942,"Matanuska-Susitna, AK",1
943,"Williamson, IL",1
944,"Gunnison, CO",1
945,"Madison, NC",1
946,"Clay, SD",1
947,"Plumas, CA",1
948,"Tipton, TN",1
949,"Sheboygan, WI",1
950,"Carroll, GA",1
951,"Union, NC",1
952,"Itasca, MN",1
953,"Livingston, MO",1
954,"Ashley, AR",1
955,"Sanpete, UT",1
956,"Emmet, IA",1
957,"Naguabo Municipio, PR",1
958,"Stephens, GA",1
959,"Tuolumne, CA",1
960,"Hunt, TX",1
961,"Calhoun, AL",1
962,"Grays Harbor, WA",1
963,"Mecosta, MI",1
964,"Washita, OK",1
965,"Sevier, AR",1
966,"Barry, MI",1
967,"Moore, TN",1
968,"Floyd, KY",1
969,"Tioga, PA",1
970,"Coos, OR",1
971,"Wasco, OR",1
972,"Titus, TX",1
973,"Calloway, KY",1
974,"Franklin, MA",1
975,"Johnston, NC",1
976,"Queen Anne'S, MD",1
977,"Pulaski, KY",1
978,"Bullitt, KY",1
979,"Comal, TX",1
980,"Scotland, NC",1
981,"Rowan, KY",1
982,"Greene, AR",1
983,"Decatur, IA",1
984,"Prentiss, MS",1
985,"Parker, TX",1
986,"Wilkes, NC",1
987,"Leavenworth, KS",1
988,"Maverick, TX",1
989,"Laclede, MO",1
990,"Fayette, IA",1
991,"Brown, TX",1
992,"Butler, KS",1
993,"Lake, MT",1
994,"La Plata, CO",1
995,"Mcdonough, IL",1
996,"Orleans, VT",1
997,"Hancock, IN",1
998,"Flagler, FL",1
999,"Waller, TX",1
1000,"Sheridan, WY",1
1001,"Covington, AL",1
1002,"Morgan, CO",1
1003,"Portage, WI",1
1004,"Garrett, MD",1
1005,"Big Horn, MT",1
1006,"Grady, OK",1
1007,"Conecuh, AL",1
1008,"Brunswick, NC",1
1009,"Delta, CO",1
1010,"Juneau  And, AK",1
1011,"Coahoma, MS",1
1012,"Calhoun, AR",1
1013,"Cass, MN",1
1014,"Decatur, GA",1
1015,"Donley, TX",1
1016,"Fayette, GA",1
1017,"Columbus, NC",1
1018,"Grant, NM",1
1019,"Carteret, NC",1
1020,"Curry, NM",1
1021,"Atchison, KS",1
1022,"Addison, VT",1
1023,"Cherokee, SC",1
1024,"Todd, SD",1
1025,"Williamsburg, VA",1
1026,"Sullivan, NH",1
1027,"Berkeley, SC",1
1028,"Stevens, MN",1
1029,"Stutsman, ND",1
1030,"Hardeman, TN",1
1031,"Cass, MI",1
1032,"Carlton, MN",1
1033,"Halifax, NC",1
1034,"Prowers, CO",1
1035,"Isabela Municipio, PR",1
1036,"Sequoyah, OK",1
1037,"Washington, FL",1
1038,"Huntington, IN",1
1039,"Nemaha, NE",1
1040,"San Germán Municipio, PR",1
1041,"Wood, WI",1
1042,"Maui, HI",1
1043,"Allen, KS",1
1044,"Lancaster, SC",1
1045,"Henderson, TN",1
1046,"Spencer, IN",1
1047,"Fayette, WV",1
1048,"Elko, NV",1
1049,"Lafourche, LA",1
1050,"Winnebago, IA",1
1051,"Dade, GA",1
1052,"Mason, KY",1
1053,"Union, IA",1
1054,"Marion, MO",1
1055,"Williams, ND",1
1056,"Clallam, WA",1
1057,"Pendleton, WV",1
1058,"Randolph, AL",1
1059,"Marion, KS",1
1060,"Warren, IA",1
1061,"Acadia, LA",1
1062,"Adair, OK",1
1063,"Washington, OK",1
1064,"Boone, AR",1
1065,"Marion, IA",1
1066,"Kershaw, SC",1
1067,"Rockdale, GA",1
1068,"Barren, KY",1
1069,"Santa Rosa, FL",1
1070,"Alamosa, CO",1
1071,"Koochiching, MN",1
1072,"Drew, AR",1
1073,"Wayne, NE",1
1074,"Jasper, TX",1
1075,"Lewis, MO",1
1076,"Washington, IA",1
1077,"Nacogdoches, TX",1
1078,"Adams, MS",1
1079,"Ford, KS",1
1080,"Cullman, AL",1
1081,"Baraga, MI",1
1082,"Letcher, KY",1
1083,"Kemper, MS",1
1084,"Scott, TN",1
1085,"Henry, MO",1
1086,"Waldo, ME",1
1087,"Labette, KS",1
1088,"Green, WI",1
1089,"Breathitt, KY",1
1090,"Gadsden, FL",1
1091,"Jefferson, WA",1
1092,"Mahnomen, MN",1
1093,"Clare, MI",1
1094,"York, NE",1
1095,"Haralson, GA",1
1096,"Box Elder, UT",1
1097,"Johnson, AR",1
1098,"Umatilla, OR",1
1099,"Uintah, UT",1
1100,"Chester, TN",1
1101,"Hutchinson, TX",1
1102,"Washington, MS",1
1103,"Culpeper, VA",1
1104,"Rockingham, NC",1
1105,"Grundy, MO",1
1106,"Coryell, TX",1
1107,"Yates, NY",1
1108,"Wythe, VA",1
1109,"Jackson, WV",1
1110,"Scurry, TX",1
1111,"Charlottesville, VA",1
1112,"Major, OK",1
1113,"Island, WA",1
1114,"Montcalm, MI",1
1115,"Jasper, IN",1
1116,"Wasatch, UT",1
1117,"Sumter, FL",1
1118,"Roberts, SD",1
1119,"Branch, MI",1
1120,"Sampson, NC",1
1121,"Panola, TX",1
1122,"Alleghany, VA",1
1123,"Lafayette, MS",1
1124,"Coffee, GA",1
1125,"Los Alamos, NM",1
1126,"Miller, AR",1
1127,"Erath, TX",1
1128,"Lenoir, NC",1
1129,"Alpena, MI",1
1130,"Taylor, KY",1
1131,"Columbia, NY",1
1132,"Orange, TX",1
1133,"Carver, MN",1
1134,"Whitley, KY",1
1135,"Jefferson, WI",1
1136,"Mountrail, ND",1
1137,"Adair, KY",1
1138,"Jackson, AL",1
1139,"Hall, NE",1
1140,"Brooke, WV",1
1141,"Harlan, KY",1
1142,"Ravalli, MT",1
1143,"Marinette, WI",1
1144,"Neosho, KS",1
1145,"Hardy, WV",1
1146,"Howard, IA",1
1147,"Lauderdale, MS",1
1148,"Texas, MO",1
1149,"Brown, OH",1
1150,"Henry, VA",1
1151,"Martin, FL",1
1152,"Lincoln, NM",1
1153,"Moore, NC",1
1154,"Gratiot, MI",1
1155,"Wayne, NY",1
1156,"Clinton, MI",1
1157,"Warren, IL",1
1158,"Atoka, OK",1
1159,"Richmond, NC",1
1160,"Bond, IL",1
1161,"St. Joseph, MI",1
1162,"Delaware, NY",1
1163,"San Lorenzo Municipio, PR",1
1164,"Logan, CO",1
1165,"Frontier, NE",1
1166,"Chisago, MN",1
1167,"Monroe, TN",1
1168,"White, GA",1
1169,"Logan, OK",1
1170,"Lamoille, VT",1
1171,"Pittsburg, OK",1
1172,"Rockingham, VA",1
1173,"Dallas, IA",1
1174,"Fremont, WY",1
1175,"Madison, OH",1
1176,"Ramsey, ND",1
1177,"Edgecombe, NC",1
1178,"Steuben, NY",1
1179,"Lumpkin, GA",1
1180,"Choctaw, OK",1
1181,"Mercer, OH",1
1182,"Lawrence, SD",1
1183,"Yuba, CA",1
1184,"Whitman, WA",1
1185,"Mitchell, KS",1
1186,"Leslie, KY",1
1187,"Pickaway, OH",1
1188,"Towns, GA",1
1189,"Madison, NE",1
1190,"Lowndes, MS",1
1191,"Park, WY",1
1192,"Washburn, WI",1
1193,"Lee, AL",1
1194,"St. Charles, LA",1
1195,"Copiah, MS",1
1196,"Hill, TX",1
1197,"Knox, KY",1
1198,"Defiance, OH",1
1199,"Wabash, IL",1
1200,"Carter, KY",1
1201,"Kaufman, TX",1
1202,"Sumter, AL",1
1203,"Randolph, NC",1
1204,"Kootenai, ID",1
1205,"Jefferson, TN",1
1206,"Lawrence, TN",1
1207,"Des Moines, IA",1
1208,"Burke, NC",1
1209,"Dinwiddie, VA",1
1210,"Brunswick, VA",1
1211,"Taylor, FL",1
1212,"Phillips, AR",1
1213,"Izard, AR",1
1214,"Kent, MD",1
1215,"Colbert, AL",1
1216,"Frederick, VA",1
1217,"Jersey, IL",1
1218,"Bell, KY",1
1219,"Fredericksburg, VA",1
1220,"Bradford, PA",1
1221,"Hardin, TN",1
1222,"Franklin, KY",1
1223,"Kendall, IL",1
1224,"Henderson, KY",1
1225,"Marshall, MS",1
1226,"Coffee, AL",1
1227,"Suffolk, VA",1
1228,"Oneida, WI",1
1229,"Alcorn, MS",1
1230,"Western District, AS",1
1231,"Charlotte, FL",1
1232,"Cortland, NY",1
1233,"Colonial Heights, VA",1
1234,"Stone, MS",1
1235,"Bingham, ID",1
1236,"Leflore, MS",1
1237,"Doniphan, KS",1
1238,"Pontotoc, MS",1
1239,"Jefferson, IL",1
1240,"Wilbarger, TX",1
1241,"Emmet, MI",1
1242,"Pennington, MN",1
1243,"Hockley, TX",1
1244,"Lewis, TN",1
1245,"Otero, CO",1
1246,"Custer, MT",1
1247,"Cassia, ID",1
1248,"Williamsburg, SC",1
1249,"Sussex, NJ",1
1250,"Kandiyohi, MN",1
1251,"Lassen, CA",1
1252,"Trujillo Alto Municipio, PR",1
1253,"Natrona, WY",1
1254,"Highlands, FL",1
1255,"Blount, TN",1
1256,"Dorchester, SC",1
1257,"Camden, MO",1
1258,"Barrow, GA",1
1259,"Pike, MO",1
1260,"Chesterfield, SC",1
1261,"Hardin, IA",1
1262,"Franklin, IL",1
1263,"Becker, MN",1
1264,"Houston, GA",1
1265,"Iberia, LA",1
1266,"Emanuel, GA",1
1267,"N, FM",1
1268,"Hernando, FL",1
1269,"Yellow Medicine, MN",1
1270,"Schoharie, NY",1
1271,"Delaware, OK",1
1272,"Columbia, FL",1
1273,"Polk, OR",1
1274,"Douglas, MN",1
1275,"Goodhue, MN",1
1276,"Lauderdale, TN",1
1277,"Putnam, IN",1
1278,"Socorro, NM",1
1279,"Sioux, ND",1
1280,"Carson, NV",1
1281,"Isanti, MN",1
1282,"Surry, NC",1
1283,"Haskell, OK",1
1284,"Navarro, TX",1
1285,"Montgomery, IN",1
1286,"Clinton, OH",1
1287,"Van Wert, OH",1
1288,"Traill, ND",1
1289,"St. Bernard, LA",1
1290,"Pulaski, IL",1
1291,"Sunflower, MS",1
1292,"Randolph, GA",1
1293,"Pulaski, VA",1
1294,"Cherokee, NC",1
1295,"Bladen, NC",1
1296,"Buena Vista, VA",1
1297,"Marshall, WV",1
1298,"Mccracken, KY",1
1299,"Livingston, IL",1
1300,"Tooele, UT",1
1301,"Accomack, VA",1
1302,"Dawes, NE",1
1303,"Peach, GA",1
1304,"Columbia, GA",1
1305,"Goshen, WY",1
1306,"Henry, TN",1
1307,"Cloud, KS",1
1308,"Sawyer, WI",1
1309,"Essex, NY",1
1310,"Greene, TN",1
1311,"Dickey, ND",1
1312,"Mckean, PA",1
1313,"Suwannee, FL",1
1314,"St. Mary, LA",1
1315,"Lawrence, AR",1
1316,"Richland, ND",1
1317,"Crow Wing, MN",1
1318,"Gogebic, MI",1
1319,"Trousdale, TN",1
1320,"Lyon, MN",1
1321,"Crawford, KS",1
1322,"Johnston, OK",1
1323,"Kingfisher, OK",1
1324,"Bolivar, MS",1
1325,"Douglas, WI",1
1326,"Kleberg, TX",1
1327,"Mingo, WV",1
1328,"Wharton, TX",1
1329,"Webster, LA",1
1330,"Coamo Municipio, PR",1
1331,"Rosebud, MT",1
1332,"Glacier, MT",1
1333,"Jerome, ID",1
1334,"North Slope, AK",1
1335,"Miller, MO",1
1336,"Charles, MD",1
1337,"Polk, AR",1
1338,"Transylvania, NC",1
1339,"Johnson, TX",1
1340,"Citrus, FL",1
1341,"Jones, IA",1
1342,"Franklin, NC",1
1343,"Cherokee, KS",1
1344,"Stephens, OK",1
1345,"Amherst, VA",1
1346,"Henderson, NC",1
1347,"Stafford, VA",1
1348,"Paulding, GA",1
1349,"Lewis, WA",1
1350,"Benson, ND",1
1351,"Kauai, HI",1
1352,"Indian River, FL",1
1353,"Thomas, KS",1
1354,"Allendale, SC",1
1355,"Hanover, VA",1
1356,"Dickinson, IA",1
1357,"Macoupin, IL",1
1358,"Tift, GA",1
1359,"Dodge, WI",1
1360,"Apache, AZ",1
1361,"Eddy, NM",1
1362,"Brown, MN",1
1363,"Blaine, MT",1
1364,"Hot Spring, AR",1
1365,"Forsyth, GA",1
1366,"Craven, NC",1
1367,"Reno, KS",1
1368,"Laurens, SC",1
1369,"Lake, CA",1
1370,"Taney, MO",1
1371,"Cumberland, NJ",1
1372,"Lincoln, NC",1
1373,"Lee, NC",1
1374,"Franklin, TN",1
1375,"Laporte, IN",1
1376,"Kittitas, WA",1
1377,"Boyle, KY",1
1378,"Toombs, GA",1
1379,"Buffalo, NE",1
1380,"Barbour, WV",1
1381,"Lincoln, TN",1
1382,"Sauk, WI",1
1383,"Natchitoches, LA",1
1384,"Hale, TX",1
1385,"Franklin, WA",1
1386,"N, MH",1
1387,"Marion, SC",1
1388,"Tillamook, OR",1
1389,"San Juan, NM",1
1390,"Somerset, ME",1
1391,"Linn, OR",1
1392,"Val Verde, TX",1
1393,"Elmore, AL",1
1394,"Crawford, IL",1
1395,"Roosevelt, MT",1
1396,"Roosevelt, NM",1
1397,"Franklin, GA",1
1398,"Wayne, IL",1
1399,"Custer, OK",1
1400,"Scott, KY",1
1401,"Hardin, TX",1
1402,"Chouteau, MT",1
1403,"Walton, FL",1
1404,"St. Croix Island, VI",1
1405,"Gilmer, WV",1
1406,"Clinton, IL",1
1407,"Pike, OH",1
1408,"Texas, OK",1
1409,"Venango, PA",1
1410,"Pearl River, MS",1
1411,"Caldwell, NC",1
1412,"Susquehanna, PA",1
1413,"Lamar, TX",1
1414,"Dickson, TN",1
1415,"Abbeville, SC",1
1416,"Bradford, FL",1
1417,"Pike, MS",1
1418,"Starke, IN",1
1419,"Hughes, OK",1
1420,"Adams, NE",1
1421,"Chattahoochee, GA",1
1422,"Marquette, MI",1
1423,"Pierce, WI",1
1424,"Madera, CA",1
1425,"Salem, NJ",1
1426,"Ashland, WI",1
1427,"Tate, MS",1
1428,"Person, NC",1
1429,"Steuben, IN",1
1430,"Sevier, UT",1
1431,"Somerset, PA",1
1432,"Grenada, MS",1
1433,"Vance, NC",1
1434,"Vega Baja Municipio, PR",1
1435,"Bee, TX",1
1436,"Knott, KY",1
1437,"Mcnairy, TN",1
1438,"Columbia, AR",1
1439,"Livingston, LA",1
1440,"Gibson, IN",1
1441,"Dunn, WI",1
1442,"Rutherford, NC",1
1443,"Seminole, OK",1
1444,"Brookings, SD",1
1445,"Nobles, MN",1
1446,"Northumberland, PA",1
1447,"Grant, WA",1
1448,"Dawson, MT",1
1449,"Coos, NH",1
1450,"Lafayette, MO",1
1451,"Yauco Municipio, PR",1
1452,"Mahaska, IA",1
1453,"Radford, VA",1
1454,"Rio Arriba, NM",1
1455,"Mcclain, OK",1
1456,"Oglala Lakota, SD",1
1457,"Sherman, KS",1
1458,"Seward, KS",1
1459,"Cibola, NM",1
1460,"Warren, TN",1
1461,"Coffee, TN",1
1462,"Talladega, AL",1
1463,"Hempstead, AR",1
1464,"Dale, AL",1
1465,"Otter Tail, MN",1
1466,"Bottineau, ND",1
1467,"Beaufort, NC",1
1468,"Mason, MI",1
1469,"Ware, GA",1
1470,"Oktibbeha, MS",1
1471,"Newton, MS",1
1472,"Cherokee, GA",1
1473,"Osage, MO",1
1474,"Hill, MT",1
1475,"Walker, AL",1
1476,"Gibson, TN",1
1477,"Rolette, ND",1
1478,"Darlington, SC",1
1479,"Davidson, NC",1
1480,"Ozaukee, WI",1
1481,"Creek, OK",1
1482,"Bedford, TN",1
1483,"Weakley, TN",1
1484,"Litchfield, CT",1
1485,"Simpson, MS",1
1486,"Madison, FL",1
1487,"Barnes, ND",1
1488,"Pine, MN",1
1489,"Bremer, IA",1
1490,"Lamar, GA",1
1491,"Newton, GA",1
1492,"Brewster, TX",1
1493,"Wabash, IN",1
1494,"Randolph, AR",1
1495,"Las Animas, CO",1
1496,"Montgomery, NC",1
1497,"Bourbon, KS",1
1498,"Tallapoosa, AL",1
1499,"Mcdowell, NC",1
1500,"Hardin, OH",1
1501,"Macon, AL",1
1502,"Midland, TX",1
1503,"Hancock, WV",1
1504,"Laurel, KY",1
1505,"Newberry, SC",1
1506,"Johnson, IN",1
1507,"Pratt, KS",1
