,Total,county
0,1425,"Autauga, AL"
1,3418,"Baldwin, AL"
2,671,"Barbour, AL"
3,787,"Bibb, AL"
4,1667,"Blount, AL"
5,254,"Bullock, AL"
6,398,"Butler, AL"
7,3287,"Calhoun, AL"
8,984,"Chambers, AL"
9,683,"Cherokee, AL"
10,1217,"Chilton, AL"
11,491,"Choctaw, AL"
12,580,"Clarke, AL"
13,237,"Clay, AL"
14,393,"Cleburne, AL"
15,1741,"Coffee, AL"
16,1398,"Colbert, AL"
17,303,"Conecuh, AL"
18,364,"Coosa, AL"
19,986,"Covington, AL"
20,425,"Crenshaw, AL"
21,1995,"Cullman, AL"
22,1121,"Dale, AL"
23,1297,"Dallas, AL"
24,1960,"DeKalb, AL"
25,1792,"Elmore, AL"
26,1266,"Escambia, AL"
27,2808,"Etowah, AL"
28,311,"Fayette, AL"
29,565,"Franklin, AL"
30,863,"Geneva, AL"
31,217,"Greene, AL"
32,552,"Hale, AL"
33,536,"Henry, AL"
34,2430,"Houston, AL"
35,1430,"Jackson, AL"
36,15805,"Jefferson, AL"
37,384,"Lamar, AL"
38,2386,"Lauderdale, AL"
39,963,"Lawrence, AL"
40,3579,"Lee, AL"
41,2142,"Limestone, AL"
42,329,"Lowndes, AL"
43,585,"Macon, AL"
44,6324,"Madison, AL"
45,437,"Marengo, AL"
46,837,"Marion, AL"
47,2574,"Marshall, AL"
48,11554,"Mobile, AL"
49,606,"Monroe, AL"
50,5694,"Montgomery, AL"
51,2108,"Morgan, AL"
52,188,"Perry, AL"
53,648,"Pickens, AL"
54,504,"Pike, AL"
55,645,"Randolph, AL"
56,1746,"Russell, AL"
57,2426,"St. Clair, AL"
58,4040,"Shelby, AL"
59,247,"Sumter, AL"
60,2535,"Talladega, AL"
61,836,"Tallapoosa, AL"
62,3697,"Tuscaloosa, AL"
63,2139,"Walker, AL"
64,403,"Washington, AL"
65,260,"Wilcox, AL"
66,634,"Winston, AL"
67,56,"Aleutians East Borough, AK"
68,213,"Aleutians West Census Area, AK"
69,5883,"Anchorage Municipality, AK"
70,1165,"Bethel Census Area, AK"
71,11,"Bristol Bay Borough, AK"
72,12,"Denali Borough, AK"
73,255,"Dillingham Census Area, AK"
74,1596,"Fairbanks North Star Borough, AK"
75,15,"Haines Borough, AK"
76,71,"Hoonah-Angoon Census Area, AK"
77,647,"Juneau City and Borough, AK"
78,904,"Kenai Peninsula Borough, AK"
79,329,"Ketchikan Gateway Borough, AK"
80,184,"Kodiak Island Borough, AK"
81,667,"Kusilvak Census Area, AK"
82,44,"Lake and Peninsula Borough, AK"
83,2363,"Matanuska-Susitna Borough, AK"
84,638,"Nome Census Area, AK"
85,466,"North Slope Borough, AK"
86,603,"Northwest Arctic Borough, AK"
87,56,"Petersburg Borough, AK"
88,188,"Prince of Wales-Hyder Census Area, AK"
89,152,"Sitka City and Borough, AK"
90,6,"Skagway Municipality, AK"
91,107,"Southeast Fairbanks Census Area, AK"
92,48,"Valdez-Cordova Census Area, AK"
93,32,"Wrangell City and Borough, AK"
94,17,"Yakutat City and Borough, AK"
95,197,"Yukon-Koyukuk Census Area, AK"
96,3430,"Apache, AZ"
97,3284,"Cochise, AZ"
98,3511,"Coconino, AZ"
99,2026,"Gila, AZ"
100,1193,"Graham, AZ"
101,347,"Greenlee, AZ"
102,450,"La Paz, AZ"
103,99821,"Maricopa, AZ"
104,5772,"Mohave, AZ"
105,4657,"Navajo, AZ"
106,21064,"Pima, AZ"
107,10701,"Pinal, AZ"
108,1959,"Santa Cruz, AZ"
109,5170,"Yavapai, AZ"
110,7175,"Yuma, AZ"
111,747,"Arkansas, AR"
112,567,"Ashley, AR"
113,782,"Baxter, AR"
114,5295,"Benton, AR"
115,797,"Boone, AR"
116,178,"Bradley, AR"
117,128,"Calhoun, AR"
118,903,"Carroll, AR"
119,369,"Chicot, AR"
120,390,"Clark, AR"
121,315,"Clay, AR"
122,620,"Cleburne, AR"
123,282,"Cleveland, AR"
124,574,"Columbia, AR"
125,505,"Conway, AR"
126,2532,"Craighead, AR"
127,2349,"Crawford, AR"
128,1279,"Crittenden, AR"
129,577,"Cross, AR"
130,134,"Dallas, AR"
131,430,"Desha, AR"
132,390,"Drew, AR"
133,2129,"Faulkner, AR"
134,268,"Franklin, AR"
135,411,"Fulton, AR"
136,2102,"Garland, AR"
137,522,"Grant, AR"
138,1397,"Greene, AR"
139,732,"Hempstead, AR"
140,1237,"Hot Spring, AR"
141,315,"Howard, AR"
142,1207,"Independence, AR"
143,293,"Izard, AR"
144,429,"Jackson, AR"
145,1865,"Jefferson, AR"
146,570,"Johnson, AR"
147,172,"Lafayette, AR"
148,324,"Lawrence, AR"
149,216,"Lee, AR"
150,268,"Lincoln, AR"
151,391,"Little River, AR"
152,683,"Logan, AR"
153,1767,"Lonoke, AR"
154,344,"Madison, AR"
155,309,"Marion, AR"
156,956,"Miller, AR"
157,1541,"Mississippi, AR"
158,244,"Monroe, AR"
159,182,"Montgomery, AR"
160,328,"Nevada, AR"
161,227,"Newton, AR"
162,917,"Ouachita, AR"
163,208,"Perry, AR"
164,679,"Phillips, AR"
165,251,"Pike, AR"
166,1061,"Poinsett, AR"
167,596,"Polk, AR"
168,1142,"Pope, AR"
169,324,"Prairie, AR"
170,7632,"Pulaski, AR"
171,480,"Randolph, AR"
172,835,"St. Francis, AR"
173,2768,"Saline, AR"
174,309,"Scott, AR"
175,97,"Searcy, AR"
176,2912,"Sebastian, AR"
177,489,"Sevier, AR"
178,457,"Sharp, AR"
179,327,"Stone, AR"
180,898,"Union, AR"
181,492,"Van Buren, AR"
182,3826,"Washington, AR"
183,1933,"White, AR"
184,89,"Woodruff, AR"
185,478,"Yell, AR"
186,46629,"Alameda, CA"
187,51,"Alpine, CA"
188,893,"Amador, CA"
189,4298,"Butte, CA"
190,1044,"Calaveras, CA"
191,474,"Colusa, CA"
192,30087,"Contra Costa, CA"
193,745,"Del Norte, CA"
194,3476,"El Dorado, CA"
195,32067,"Fresno, CA"
196,363,"Glenn, CA"
197,2611,"Humboldt, CA"
198,9146,"Imperial, CA"
199,331,"Inyo, CA"
200,26617,"Kern, CA"
201,4279,"Kings, CA"
202,1267,"Lake, CA"
203,451,"Lassen, CA"
204,328846,"Los Angeles, CA"
205,5602,"Madera, CA"
206,2536,"Marin, CA"
207,424,"Mariposa, CA"
208,2433,"Mendocino, CA"
209,8960,"Merced, CA"
210,103,"Modoc, CA"
211,3,"Mono, CA"
212,14256,"Monterey, CA"
213,3282,"Napa, CA"
214,1260,"Nevada, CA"
215,84387,"Orange, CA"
216,7471,"Placer, CA"
217,306,"Plumas, CA"
218,84118,"Riverside, CA"
219,38575,"Sacramento, CA"
220,2193,"San Benito, CA"
221,82978,"San Bernardino, CA"
222,83332,"San Diego, CA"
223,15480,"San Francisco, CA"
224,24926,"San Joaquin, CA"
225,4745,"San Luis Obispo, CA"
226,17826,"San Mateo, CA"
227,11383,"Santa Barbara, CA"
228,55174,"Santa Clara, CA"
229,5495,"Santa Cruz, CA"
230,3384,"Shasta, CA"
231,27,"Sierra, CA"
232,1050,"Siskiyou, CA"
233,13501,"Solano, CA"
234,9490,"Sonoma, CA"
235,17317,"Stanislaus, CA"
236,3894,"Sutter, CA"
237,1669,"Tehama, CA"
238,276,"Trinity, CA"
239,15954,"Tulare, CA"
240,1026,"Tuolumne, CA"
241,24564,"Ventura, CA"
242,4271,"Yolo, CA"
243,2094,"Yuba, CA"
244,14576,"Adams, CO"
245,178,"Alamosa, CO"
246,13150,"Arapahoe, CO"
247,181,"Archuleta, CO"
248,61,"Baca, CO"
249,141,"Bent, CO"
250,2829,"Boulder, CO"
251,1012,"Broomfield, CO"
252,343,"Chaffee, CO"
253,13,"Cheyenne, CO"
254,24,"Clear Creek, CO"
255,179,"Conejos, CO"
256,91,"Costilla, CO"
257,108,"Crowley, CO"
258,50,"Custer, CO"
259,680,"Delta, CO"
260,13182,"Denver, CO"
261,29,"Dolores, CO"
262,4034,"Douglas, CO"
263,496,"Eagle, CO"
264,657,"Elbert, CO"
265,11882,"El Paso, CO"
266,692,"Fremont, CO"
267,984,"Garfield, CO"
268,93,"Gilpin, CO"
269,13,"Grand, CO"
270,64,"Gunnison, CO"
271,4,"Hinsdale, CO"
272,212,"Huerfano, CO"
273,6,"Jackson, CO"
274,8529,"Jefferson, CO"
275,32,"Kiowa, CO"
276,48,"Kit Carson, CO"
277,95,"Lake, CO"
278,521,"La Plata, CO"
279,4251,"Larimer, CO"
280,406,"Las Animas, CO"
281,29,"Lincoln, CO"
282,289,"Logan, CO"
283,2920,"Mesa, CO"
284,4,"Mineral, CO"
285,230,"Moffat, CO"
286,628,"Montezuma, CO"
287,942,"Montrose, CO"
288,767,"Morgan, CO"
289,657,"Otero, CO"
290,18,"Ouray, CO"
291,189,"Park, CO"
292,83,"Phillips, CO"
293,184,"Pitkin, CO"
294,290,"Prowers, CO"
295,4176,"Pueblo, CO"
296,134,"Rio Blanco, CO"
297,157,"Rio Grande, CO"
298,76,"Routt, CO"
299,180,"Saguache, CO"
300,25,"San Juan, CO"
301,60,"San Miguel, CO"
302,21,"Sedgwick, CO"
303,267,"Summit, CO"
304,666,"Teller, CO"
305,73,"Washington, CO"
306,6837,"Weld, CO"
307,99,"Yuma, CO"
308,17445,"Fairfield, CT"
309,15146,"Hartford, CT"
310,2845,"Litchfield, CT"
311,1659,"Middlesex, CT"
312,17001,"New Haven, CT"
313,5080,"New London, CT"
314,1610,"Tolland, CT"
315,2470,"Windham, CT"
316,5433,"Kent, DE"
317,13022,"New Castle, DE"
318,4913,"Sussex, DE"
319,11063,"District of Columbia, DC"
320,3701,"Alachua, FL"
321,1095,"Baker, FL"
322,4694,"Bay, FL"
323,707,"Bradford, FL"
324,11622,"Brevard, FL"
325,53809,"Broward, FL"
326,414,"Calhoun, FL"
327,2899,"Charlotte, FL"
328,3044,"Citrus, FL"
329,6183,"Clay, FL"
330,7849,"Collier, FL"
331,1842,"Columbia, FL"
332,748,"DeSoto, FL"
333,332,"Dixie, FL"
334,19058,"Duval, FL"
335,4845,"Escambia, FL"
336,2262,"Flagler, FL"
337,225,"Franklin, FL"
338,1363,"Gadsden, FL"
339,421,"Gilchrist, FL"
340,290,"Glades, FL"
341,478,"Gulf, FL"
342,564,"Hamilton, FL"
343,768,"Hardee, FL"
344,1528,"Hendry, FL"
345,4164,"Hernando, FL"
346,1700,"Highlands, FL"
347,30587,"Hillsborough, FL"
348,344,"Holmes, FL"
349,2967,"Indian River, FL"
350,990,"Jackson, FL"
351,297,"Jefferson, FL"
352,341,"Lafayette, FL"
353,7513,"Lake, FL"
354,15703,"Lee, FL"
355,3953,"Leon, FL"
356,1152,"Levy, FL"
357,219,"Liberty, FL"
358,413,"Madison, FL"
359,8229,"Manatee, FL"
360,6318,"Marion, FL"
361,2402,"Martin, FL"
362,93159,"Miami-Dade, FL"
363,835,"Monroe, FL"
364,1612,"Nassau, FL"
365,3767,"Okaloosa, FL"
366,763,"Okeechobee, FL"
367,31614,"Orange, FL"
368,11065,"Osceola, FL"
369,31841,"Palm Beach, FL"
370,11319,"Pasco, FL"
371,16585,"Pinellas, FL"
372,19044,"Polk, FL"
373,1889,"Putnam, FL"
374,4137,"St. Johns, FL"
375,8587,"St. Lucie, FL"
376,3854,"Santa Rosa, FL"
377,6784,"Sarasota, FL"
378,8071,"Seminole, FL"
379,1069,"Sumter, FL"
380,1091,"Suwannee, FL"
381,417,"Taylor, FL"
382,249,"Union, FL"
383,10616,"Volusia, FL"
384,622,"Wakulla, FL"
385,1262,"Walton, FL"
386,652,"Washington, FL"
387,486,"Appling, GA"
388,369,"Atkinson, GA"
389,295,"Bacon, GA"
390,138,"Baker, GA"
391,777,"Baldwin, GA"
392,643,"Banks, GA"
393,2431,"Barrow, GA"
394,3438,"Bartow, GA"
395,541,"Ben Hill, GA"
396,562,"Berrien, GA"
397,3175,"Bibb, GA"
398,456,"Bleckley, GA"
399,656,"Brantley, GA"
400,461,"Brooks, GA"
401,957,"Bryan, GA"
402,1352,"Bulloch, GA"
403,652,"Burke, GA"
404,762,"Butts, GA"
405,172,"Calhoun, GA"
406,743,"Camden, GA"
407,416,"Candler, GA"
408,3176,"Carroll, GA"
409,1659,"Catoosa, GA"
410,234,"Charlton, GA"
411,7074,"Chatham, GA"
412,28,"Chattahoochee, GA"
413,897,"Chattooga, GA"
414,5219,"Cherokee, GA"
415,1597,"Clarke, GA"
416,167,"Clay, GA"
417,9393,"Clayton, GA"
418,153,"Clinch, GA"
419,14409,"Cobb, GA"
420,1461,"Coffee, GA"
421,1096,"Colquitt, GA"
422,3424,"Columbia, GA"
423,394,"Cook, GA"
424,3151,"Coweta, GA"
425,342,"Crawford, GA"
426,704,"Crisp, GA"
427,450,"Dade, GA"
428,648,"Dawson, GA"
429,1006,"Decatur, GA"
430,18924,"DeKalb, GA"
431,491,"Dodge, GA"
432,534,"Dooly, GA"
433,2422,"Dougherty, GA"
434,4384,"Douglas, GA"
435,428,"Early, GA"
436,104,"Echols, GA"
437,1530,"Effingham, GA"
438,684,"Elbert, GA"
439,591,"Emanuel, GA"
440,316,"Evans, GA"
441,454,"Fannin, GA"
442,2261,"Fayette, GA"
443,2345,"Floyd, GA"
444,3970,"Forsyth, GA"
445,865,"Franklin, GA"
446,17268,"Fulton, GA"
447,905,"Gilmer, GA"
448,33,"Glascock, GA"
449,2524,"Glynn, GA"
450,1515,"Gordon, GA"
451,463,"Grady, GA"
452,390,"Greene, GA"
453,24144,"Gwinnett, GA"
454,972,"Habersham, GA"
455,5790,"Hall, GA"
456,100,"Hancock, GA"
457,1003,"Haralson, GA"
458,958,"Harris, GA"
459,1308,"Hart, GA"
460,431,"Heard, GA"
461,6795,"Henry, GA"
462,3493,"Houston, GA"
463,205,"Irwin, GA"
464,1791,"Jackson, GA"
465,485,"Jasper, GA"
466,644,"Jeff Davis, GA"
467,426,"Jefferson, GA"
468,266,"Jenkins, GA"
469,230,"Johnson, GA"
470,884,"Jones, GA"
471,518,"Lamar, GA"
472,323,"Lanier, GA"
473,1086,"Laurens, GA"
474,831,"Lee, GA"
475,1189,"Liberty, GA"
476,296,"Lincoln, GA"
477,568,"Long, GA"
478,2560,"Lowndes, GA"
479,765,"Lumpkin, GA"
480,538,"McDuffie, GA"
481,764,"McIntosh, GA"
482,302,"Macon, GA"
483,991,"Madison, GA"
484,226,"Marion, GA"
485,714,"Meriwether, GA"
486,180,"Miller, GA"
487,540,"Mitchell, GA"
488,850,"Monroe, GA"
489,350,"Montgomery, GA"
490,485,"Morgan, GA"
491,1230,"Murray, GA"
492,4440,"Muscogee, GA"
493,3461,"Newton, GA"
494,642,"Oconee, GA"
495,518,"Oglethorpe, GA"
496,3753,"Paulding, GA"
497,842,"Peach, GA"
498,909,"Pickens, GA"
499,544,"Pierce, GA"
500,459,"Pike, GA"
501,1078,"Polk, GA"
502,301,"Pulaski, GA"
503,390,"Putnam, GA"
504,109,"Quitman, GA"
505,507,"Rabun, GA"
506,181,"Randolph, GA"
507,6247,"Richmond, GA"
508,2964,"Rockdale, GA"
509,164,"Schley, GA"
510,603,"Screven, GA"
511,283,"Seminole, GA"
512,1961,"Spalding, GA"
513,1241,"Stephens, GA"
514,47,"Stewart, GA"
515,880,"Sumter, GA"
516,289,"Talbot, GA"
517,73,"Taliaferro, GA"
518,387,"Tattnall, GA"
519,391,"Taylor, GA"
520,294,"Telfair, GA"
521,346,"Terrell, GA"
522,1632,"Thomas, GA"
523,856,"Tift, GA"
524,888,"Toombs, GA"
525,125,"Towns, GA"
526,163,"Treutlen, GA"
527,2094,"Troup, GA"
528,201,"Turner, GA"
529,348,"Twiggs, GA"
530,610,"Union, GA"
531,618,"Upson, GA"
532,2242,"Walker, GA"
533,2886,"Walton, GA"
534,1386,"Ware, GA"
535,204,"Warren, GA"
536,879,"Washington, GA"
537,617,"Wayne, GA"
538,97,"Webster, GA"
539,197,"Wheeler, GA"
540,626,"White, GA"
541,3425,"Whitfield, GA"
542,109,"Wilcox, GA"
543,338,"Wilkes, GA"
544,220,"Wilkinson, GA"
545,579,"Worth, GA"
546,6552,"Hawaii, HI"
547,40420,"Honolulu, HI"
548,0,"Kalawao, HI"
549,2753,"Kauai, HI"
550,7062,"Maui, HI"
551,5629,"Ada, ID"
552,27,"Adams, ID"
553,1370,"Bannock, ID"
554,53,"Bear Lake, ID"
555,203,"Benewah, ID"
556,942,"Bingham, ID"
557,654,"Blaine, ID"
558,108,"Boise, ID"
559,666,"Bonner, ID"
560,2153,"Bonneville, ID"
561,369,"Boundary, ID"
562,62,"Butte, ID"
563,9,"Camas, ID"
564,5201,"Canyon, ID"
565,60,"Caribou, ID"
566,421,"Cassia, ID"
567,10,"Clark, ID"
568,97,"Clearwater, ID"
569,0,"Custer, ID"
570,321,"Elmore, ID"
571,185,"Franklin, ID"
572,319,"Fremont, ID"
573,303,"Gem, ID"
574,408,"Gooding, ID"
575,327,"Idaho, ID"
576,461,"Jefferson, ID"
577,447,"Jerome, ID"
578,2084,"Kootenai, ID"
579,297,"Latah, ID"
580,63,"Lemhi, ID"
581,63,"Lewis, ID"
582,110,"Lincoln, ID"
583,310,"Madison, ID"
584,424,"Minidoka, ID"
585,683,"Nez Perce, ID"
586,103,"Oneida, ID"
587,119,"Owyhee, ID"
588,485,"Payette, ID"
589,149,"Power, ID"
590,195,"Shoshone, ID"
591,96,"Teton, ID"
592,1530,"Twin Falls, ID"
593,47,"Valley, ID"
594,234,"Washington, ID"
595,1041,"Adams, IL"
596,108,"Alexander, IL"
597,248,"Bond, IL"
598,1552,"Boone, IL"
599,22,"Brown, IL"
600,521,"Bureau, IL"
601,57,"Calhoun, IL"
602,148,"Carroll, IL"
603,308,"Cass, IL"
604,2476,"Champaign, IL"
605,541,"Christian, IL"
606,209,"Clark, IL"
607,123,"Clay, IL"
608,392,"Clinton, IL"
609,553,"Coles, IL"
610,130915,"Cook, IL"
611,225,"Crawford, IL"
612,162,"Cumberland, IL"
613,1398,"DeKalb, IL"
614,239,"De Witt, IL"
615,239,"Douglas, IL"
616,16033,"DuPage, IL"
617,304,"Edgar, IL"
618,114,"Edwards, IL"
619,382,"Effingham, IL"
620,556,"Fayette, IL"
621,210,"Ford, IL"
622,685,"Franklin, IL"
623,561,"Fulton, IL"
624,198,"Gallatin, IL"
625,217,"Greene, IL"
626,984,"Grundy, IL"
627,155,"Hamilton, IL"
628,218,"Hancock, IL"
629,74,"Hardin, IL"
630,145,"Henderson, IL"
631,477,"Henry, IL"
632,487,"Iroquois, IL"
633,555,"Jackson, IL"
634,165,"Jasper, IL"
635,824,"Jefferson, IL"
636,187,"Jersey, IL"
637,248,"Jo Daviess, IL"
638,294,"Johnson, IL"
639,13348,"Kane, IL"
640,1757,"Kankakee, IL"
641,3093,"Kendall, IL"
642,792,"Knox, IL"
643,13098,"Lake, IL"
644,1835,"LaSalle, IL"
645,316,"Lawrence, IL"
646,557,"Lee, IL"
647,639,"Livingston, IL"
648,309,"Logan, IL"
649,505,"McDonough, IL"
650,5001,"McHenry, IL"
651,1995,"McLean, IL"
652,2150,"Macon, IL"
653,818,"Macoupin, IL"
654,5273,"Madison, IL"
655,803,"Marion, IL"
656,260,"Marshall, IL"
657,358,"Mason, IL"
658,287,"Massac, IL"
659,218,"Menard, IL"
660,217,"Mercer, IL"
661,296,"Monroe, IL"
662,479,"Montgomery, IL"
663,449,"Morgan, IL"
664,257,"Moultrie, IL"
665,739,"Ogle, IL"
666,3077,"Peoria, IL"
667,221,"Perry, IL"
668,341,"Piatt, IL"
669,240,"Pike, IL"
670,83,"Pope, IL"
671,132,"Pulaski, IL"
672,95,"Putnam, IL"
673,437,"Randolph, IL"
674,232,"Richland, IL"
675,2232,"Rock Island, IL"
676,5439,"St. Clair, IL"
677,479,"Saline, IL"
678,2702,"Sangamon, IL"
679,167,"Schuyler, IL"
680,69,"Scott, IL"
681,551,"Shelby, IL"
682,95,"Stark, IL"
683,738,"Stephenson, IL"
684,2029,"Tazewell, IL"
685,259,"Union, IL"
686,1461,"Vermilion, IL"
687,259,"Wabash, IL"
688,309,"Warren, IL"
689,152,"Washington, IL"
690,185,"Wayne, IL"
691,80,"White, IL"
692,910,"Whiteside, IL"
693,16145,"Will, IL"
694,1074,"Williamson, IL"
695,6226,"Winnebago, IL"
696,542,"Woodford, IL"
697,744,"Adams, IN"
698,6222,"Allen, IN"
699,1605,"Bartholomew, IN"
700,250,"Benton, IN"
701,193,"Blackford, IN"
702,849,"Boone, IN"
703,566,"Brown, IN"
704,476,"Carroll, IN"
705,871,"Cass, IN"
706,2684,"Clark, IN"
707,655,"Clay, IN"
708,780,"Clinton, IN"
709,220,"Crawford, IN"
710,581,"Daviess, IN"
711,773,"Dearborn, IN"
712,738,"Decatur, IN"
713,917,"DeKalb, IN"
714,1972,"Delaware, IN"
715,354,"Dubois, IN"
716,4043,"Elkhart, IN"
717,669,"Fayette, IN"
718,1264,"Floyd, IN"
719,317,"Fountain, IN"
720,295,"Franklin, IN"
721,466,"Fulton, IN"
722,493,"Gibson, IN"
723,1263,"Grant, IN"
724,742,"Greene, IN"
725,2909,"Hamilton, IN"
726,996,"Hancock, IN"
727,775,"Harrison, IN"
728,2731,"Hendricks, IN"
729,791,"Henry, IN"
730,1539,"Howard, IN"
731,508,"Huntington, IN"
732,718,"Jackson, IN"
733,666,"Jasper, IN"
734,371,"Jay, IN"
735,926,"Jefferson, IN"
736,702,"Jennings, IN"
737,3301,"Johnson, IN"
738,800,"Knox, IN"
739,1500,"Kosciusko, IN"
740,836,"LaGrange, IN"
741,11858,"Lake, IN"
742,2142,"LaPorte, IN"
743,1094,"Lawrence, IN"
744,2678,"Madison, IN"
745,17854,"Marion, IN"
746,994,"Marshall, IN"
747,272,"Martin, IN"
748,699,"Miami, IN"
749,1446,"Monroe, IN"
750,877,"Montgomery, IN"
751,1717,"Morgan, IN"
752,198,"Newton, IN"
753,978,"Noble, IN"
754,134,"Ohio, IN"
755,360,"Orange, IN"
756,701,"Owen, IN"
757,386,"Parke, IN"
758,458,"Perry, IN"
759,220,"Pike, IN"
760,2999,"Porter, IN"
761,586,"Posey, IN"
762,270,"Pulaski, IN"
763,821,"Putnam, IN"
764,415,"Randolph, IN"
765,558,"Ripley, IN"
766,263,"Rush, IN"
767,4208,"St. Joseph, IN"
768,566,"Scott, IN"
769,983,"Shelby, IN"
770,265,"Spencer, IN"
771,691,"Starke, IN"
772,655,"Steuben, IN"
773,474,"Sullivan, IN"
774,411,"Switzerland, IN"
775,2462,"Tippecanoe, IN"
776,561,"Tipton, IN"
777,177,"Union, IN"
778,3374,"Vanderburgh, IN"
779,358,"Vermillion, IN"
780,1938,"Vigo, IN"
781,623,"Wabash, IN"
782,96,"Warren, IN"
783,858,"Warrick, IN"
784,713,"Washington, IN"
785,1681,"Wayne, IN"
786,430,"Wells, IN"
787,548,"White, IN"
788,459,"Whitley, IN"
789,80,"Adair, IA"
790,14,"Adams, IA"
791,82,"Allamakee, IA"
792,135,"Appanoose, IA"
793,69,"Audubon, IA"
794,244,"Benton, IA"
795,1773,"Black Hawk, IA"
796,162,"Boone, IA"
797,97,"Bremer, IA"
798,172,"Buchanan, IA"
799,538,"Buena Vista, IA"
800,108,"Butler, IA"
801,37,"Calhoun, IA"
802,47,"Carroll, IA"
803,64,"Cass, IA"
804,261,"Cedar, IA"
805,457,"Cerro Gordo, IA"
806,102,"Cherokee, IA"
807,200,"Chickasaw, IA"
808,113,"Clarke, IA"
809,181,"Clay, IA"
810,180,"Clayton, IA"
811,585,"Clinton, IA"
812,260,"Crawford, IA"
813,989,"Dallas, IA"
814,70,"Davis, IA"
815,95,"Decatur, IA"
816,216,"Delaware, IA"
817,640,"Des Moines, IA"
818,62,"Dickinson, IA"
819,846,"Dubuque, IA"
820,177,"Emmet, IA"
821,172,"Fayette, IA"
822,142,"Floyd, IA"
823,99,"Franklin, IA"
824,75,"Fremont, IA"
825,174,"Greene, IA"
826,64,"Grundy, IA"
827,169,"Guthrie, IA"
828,112,"Hamilton, IA"
829,136,"Hancock, IA"
830,177,"Hardin, IA"
831,301,"Harrison, IA"
832,213,"Henry, IA"
833,104,"Howard, IA"
834,57,"Humboldt, IA"
835,82,"Ida, IA"
836,102,"Iowa, IA"
837,154,"Jackson, IA"
838,517,"Jasper, IA"
839,300,"Jefferson, IA"
840,1103,"Johnson, IA"
841,268,"Jones, IA"
842,130,"Keokuk, IA"
843,150,"Kossuth, IA"
844,699,"Lee, IA"
845,2578,"Linn, IA"
846,167,"Louisa, IA"
847,55,"Lucas, IA"
848,83,"Lyon, IA"
849,159,"Madison, IA"
850,199,"Mahaska, IA"
851,543,"Marion, IA"
852,675,"Marshall, IA"
853,263,"Mills, IA"
854,66,"Mitchell, IA"
855,76,"Monona, IA"
856,18,"Monroe, IA"
857,161,"Montgomery, IA"
858,710,"Muscatine, IA"
859,106,"O'Brien, IA"
860,78,"Osceola, IA"
861,65,"Page, IA"
862,69,"Palo Alto, IA"
863,230,"Plymouth, IA"
864,29,"Pocahontas, IA"
865,7121,"Polk, IA"
866,1653,"Pottawattamie, IA"
867,258,"Poweshiek, IA"
868,35,"Ringgold, IA"
869,53,"Sac, IA"
870,2710,"Scott, IA"
871,171,"Shelby, IA"
872,311,"Sioux, IA"
873,465,"Story, IA"
874,386,"Tama, IA"
875,78,"Taylor, IA"
876,136,"Union, IA"
877,60,"Van Buren, IA"
878,606,"Wapello, IA"
879,543,"Warren, IA"
880,266,"Washington, IA"
881,94,"Wayne, IA"
882,329,"Webster, IA"
883,45,"Winnebago, IA"
884,122,"Winneshiek, IA"
885,1806,"Woodbury, IA"
886,79,"Worth, IA"
887,230,"Wright, IA"
888,206,"Allen, KS"
889,81,"Anderson, KS"
890,252,"Atchison, KS"
891,87,"Barber, KS"
892,673,"Barton, KS"
893,232,"Bourbon, KS"
894,271,"Brown, KS"
895,1081,"Butler, KS"
896,25,"Chase, KS"
897,75,"Chautauqua, KS"
898,762,"Cherokee, KS"
899,9,"Cheyenne, KS"
900,69,"Clark, KS"
901,370,"Clay, KS"
902,68,"Cloud, KS"
903,141,"Coffey, KS"
904,5,"Comanche, KS"
905,749,"Cowley, KS"
906,326,"Crawford, KS"
907,43,"Decatur, KS"
908,354,"Dickinson, KS"
909,191,"Doniphan, KS"
910,1085,"Douglas, KS"
911,29,"Edwards, KS"
912,46,"Elk, KS"
913,276,"Ellis, KS"
914,64,"Ellsworth, KS"
915,1119,"Finney, KS"
916,598,"Ford, KS"
917,471,"Franklin, KS"
918,413,"Geary, KS"
919,23,"Gove, KS"
920,0,"Graham, KS"
921,234,"Grant, KS"
922,34,"Gray, KS"
923,5,"Greeley, KS"
924,211,"Greenwood, KS"
925,32,"Hamilton, KS"
926,81,"Harper, KS"
927,412,"Harvey, KS"
928,99,"Haskell, KS"
929,32,"Hodgeman, KS"
930,278,"Jackson, KS"
931,346,"Jefferson, KS"
932,9,"Jewell, KS"
933,6526,"Johnson, KS"
934,60,"Kearny, KS"
935,70,"Kingman, KS"
936,7,"Kiowa, KS"
937,589,"Labette, KS"
938,28,"Lane, KS"
939,1485,"Leavenworth, KS"
940,37,"Lincoln, KS"
941,58,"Linn, KS"
942,43,"Logan, KS"
943,541,"Lyon, KS"
944,338,"McPherson, KS"
945,236,"Marion, KS"
946,103,"Marshall, KS"
947,45,"Meade, KS"
948,789,"Miami, KS"
949,7,"Mitchell, KS"
950,648,"Montgomery, KS"
951,60,"Morris, KS"
952,66,"Morton, KS"
953,94,"Nemaha, KS"
954,240,"Neosho, KS"
955,42,"Ness, KS"
956,92,"Norton, KS"
957,290,"Osage, KS"
958,49,"Osborne, KS"
959,31,"Ottawa, KS"
960,120,"Pawnee, KS"
961,34,"Phillips, KS"
962,344,"Pottawatomie, KS"
963,159,"Pratt, KS"
964,12,"Rawlins, KS"
965,722,"Reno, KS"
966,27,"Republic, KS"
967,186,"Rice, KS"
968,596,"Riley, KS"
969,105,"Rooks, KS"
970,7,"Rush, KS"
971,48,"Russell, KS"
972,694,"Saline, KS"
973,43,"Scott, KS"
974,10239,"Sedgwick, KS"
975,751,"Seward, KS"
976,2703,"Shawnee, KS"
977,46,"Sheridan, KS"
978,66,"Sherman, KS"
979,0,"Smith, KS"
980,66,"Stafford, KS"
981,34,"Stanton, KS"
982,155,"Stevens, KS"
983,533,"Sumner, KS"
984,84,"Thomas, KS"
985,59,"Trego, KS"
986,53,"Wabaunsee, KS"
987,14,"Wallace, KS"
988,24,"Washington, KS"
989,23,"Wichita, KS"
990,225,"Wilson, KS"
991,109,"Woodson, KS"
992,4425,"Wyandotte, KS"
993,335,"Adair, KY"
994,369,"Allen, KY"
995,544,"Anderson, KY"
996,179,"Ballard, KY"
997,908,"Barren, KY"
998,215,"Bath, KY"
999,850,"Bell, KY"
1000,2848,"Boone, KY"
1001,431,"Bourbon, KY"
1002,1552,"Boyd, KY"
1003,632,"Boyle, KY"
1004,306,"Bracken, KY"
1005,421,"Breathitt, KY"
1006,490,"Breckinridge, KY"
1007,2301,"Bullitt, KY"
1008,360,"Butler, KY"
1009,273,"Caldwell, KY"
1010,729,"Calloway, KY"
1011,1650,"Campbell, KY"
1012,157,"Carlisle, KY"
1013,411,"Carroll, KY"
1014,853,"Carter, KY"
1015,346,"Casey, KY"
1016,1503,"Christian, KY"
1017,1116,"Clark, KY"
1018,712,"Clay, KY"
1019,349,"Clinton, KY"
1020,262,"Crittenden, KY"
1021,214,"Cumberland, KY"
1022,2132,"Daviess, KY"
1023,442,"Edmonson, KY"
1024,236,"Elliott, KY"
1025,490,"Estill, KY"
1026,4000,"Fayette, KY"
1027,298,"Fleming, KY"
1028,1045,"Floyd, KY"
1029,1152,"Franklin, KY"
1030,157,"Fulton, KY"
1031,361,"Gallatin, KY"
1032,766,"Garrard, KY"
1033,1248,"Grant, KY"
1034,856,"Graves, KY"
1035,922,"Grayson, KY"
1036,90,"Green, KY"
1037,1404,"Greenup, KY"
1038,295,"Hancock, KY"
1039,2474,"Hardin, KY"
1040,1064,"Harlan, KY"
1041,474,"Harrison, KY"
1042,354,"Hart, KY"
1043,1161,"Henderson, KY"
1044,619,"Henry, KY"
1045,93,"Hickman, KY"
1046,1104,"Hopkins, KY"
1047,701,"Jackson, KY"
1048,15829,"Jefferson, KY"
1049,942,"Jessamine, KY"
1050,741,"Johnson, KY"
1051,3666,"Kenton, KY"
1052,413,"Knott, KY"
1053,756,"Knox, KY"
1054,237,"Larue, KY"
1055,1643,"Laurel, KY"
1056,453,"Lawrence, KY"
1057,66,"Lee, KY"
1058,306,"Leslie, KY"
1059,727,"Letcher, KY"
1060,364,"Lewis, KY"
1061,1063,"Lincoln, KY"
1062,389,"Livingston, KY"
1063,461,"Logan, KY"
1064,89,"Lyon, KY"
1065,1193,"McCracken, KY"
1066,501,"McCreary, KY"
1067,180,"McLean, KY"
1068,1615,"Madison, KY"
1069,487,"Magoffin, KY"
1070,511,"Marion, KY"
1071,616,"Marshall, KY"
1072,411,"Martin, KY"
1073,244,"Mason, KY"
1074,908,"Meade, KY"
1075,200,"Menifee, KY"
1076,531,"Mercer, KY"
1077,231,"Metcalfe, KY"
1078,125,"Monroe, KY"
1079,736,"Montgomery, KY"
1080,343,"Morgan, KY"
1081,1036,"Muhlenberg, KY"
1082,792,"Nelson, KY"
1083,313,"Nicholas, KY"
1084,941,"Ohio, KY"
1085,968,"Oldham, KY"
1086,186,"Owen, KY"
1087,200,"Owsley, KY"
1088,596,"Pendleton, KY"
1089,857,"Perry, KY"
1090,1897,"Pike, KY"
1091,432,"Powell, KY"
1092,1830,"Pulaski, KY"
1093,77,"Robertson, KY"
1094,471,"Rockcastle, KY"
1095,535,"Rowan, KY"
1096,568,"Russell, KY"
1097,1119,"Scott, KY"
1098,1028,"Shelby, KY"
1099,441,"Simpson, KY"
1100,472,"Spencer, KY"
1101,776,"Taylor, KY"
1102,223,"Todd, KY"
1103,232,"Trigg, KY"
1104,298,"Trimble, KY"
1105,296,"Union, KY"
1106,2316,"Warren, KY"
1107,207,"Washington, KY"
1108,512,"Wayne, KY"
1109,389,"Webster, KY"
1110,1148,"Whitley, KY"
1111,294,"Wolfe, KY"
1112,427,"Woodford, KY"
1113,1732,"Acadia Parish, LA"
1114,559,"Allen Parish, LA"
1115,2716,"Ascension Parish, LA"
1116,724,"Assumption Parish, LA"
1117,1265,"Avoyelles Parish, LA"
1118,1139,"Beauregard Parish, LA"
1119,502,"Bienville Parish, LA"
1120,3353,"Bossier Parish, LA"
1121,6844,"Caddo Parish, LA"
1122,5102,"Calcasieu Parish, LA"
1123,373,"Caldwell Parish, LA"
1124,102,"Cameron Parish, LA"
1125,281,"Catahoula Parish, LA"
1126,446,"Claiborne Parish, LA"
1127,603,"Concordia Parish, LA"
1128,573,"De Soto Parish, LA"
1129,9430,"East Baton Rouge Parish, LA"
1130,146,"East Carroll Parish, LA"
1131,534,"East Feliciana Parish, LA"
1132,558,"Evangeline Parish, LA"
1133,470,"Franklin Parish, LA"
1134,419,"Grant Parish, LA"
1135,2288,"Iberia Parish, LA"
1136,1352,"Iberville Parish, LA"
1137,464,"Jackson Parish, LA"
1138,11062,"Jefferson Parish, LA"
1139,991,"Jefferson Davis Parish, LA"
1140,3572,"Lafayette Parish, LA"
1141,2411,"Lafourche Parish, LA"
1142,274,"LaSalle Parish, LA"
1143,860,"Lincoln Parish, LA"
1144,4367,"Livingston Parish, LA"
1145,466,"Madison Parish, LA"
1146,771,"Morehouse Parish, LA"
1147,692,"Natchitoches Parish, LA"
1148,7460,"Orleans Parish, LA"
1149,3583,"Ouachita Parish, LA"
1150,556,"Plaquemines Parish, LA"
1151,620,"Pointe Coupee Parish, LA"
1152,3475,"Rapides Parish, LA"
1153,238,"Red River Parish, LA"
1154,690,"Richland Parish, LA"
1155,699,"Sabine Parish, LA"
1156,1331,"St. Bernard Parish, LA"
1157,1670,"St. Charles Parish, LA"
1158,550,"St. Helena Parish, LA"
1159,835,"St. James Parish, LA"
1160,1286,"St. John the Baptist Parish, LA"
1161,1731,"St. Landry Parish, LA"
1162,1221,"St. Martin Parish, LA"
1163,1458,"St. Mary Parish, LA"
1164,6124,"St. Tammany Parish, LA"
1165,3563,"Tangipahoa Parish, LA"
1166,162,"Tensas Parish, LA"
1167,3313,"Terrebonne Parish, LA"
1168,550,"Union Parish, LA"
1169,1732,"Vermilion Parish, LA"
1170,1317,"Vernon Parish, LA"
1171,2022,"Washington Parish, LA"
1172,996,"Webster Parish, LA"
1173,562,"West Baton Rouge Parish, LA"
1174,294,"West Carroll Parish, LA"
1175,576,"West Feliciana Parish, LA"
1176,507,"Winn Parish, LA"
1177,1527,"Androscoggin, ME"
1178,1063,"Aroostook, ME"
1179,3122,"Cumberland, ME"
1180,605,"Franklin, ME"
1181,597,"Hancock, ME"
1182,1974,"Kennebec, ME"
1183,432,"Knox, ME"
1184,592,"Lincoln, ME"
1185,930,"Oxford, ME"
1186,2348,"Penobscot, ME"
1187,367,"Piscataquis, ME"
1188,367,"Sagadahoc, ME"
1189,720,"Somerset, ME"
1190,621,"Waldo, ME"
1191,578,"Washington, ME"
1192,3326,"York, ME"
1193,1530,"Allegany, MD"
1194,11834,"Anne Arundel, MD"
1195,20080,"Baltimore, MD"
1196,2655,"Calvert, MD"
1197,812,"Caroline, MD"
1198,3869,"Carroll, MD"
1199,2585,"Cecil, MD"
1200,5293,"Charles, MD"
1201,1001,"Dorchester, MD"
1202,4663,"Frederick, MD"
1203,540,"Garrett, MD"
1204,5365,"Harford, MD"
1205,6193,"Howard, MD"
1206,365,"Kent, MD"
1207,22644,"Montgomery, MD"
1208,30916,"Prince George's, MD"
1209,804,"Queen Anne's, MD"
1210,2271,"St. Mary's, MD"
1211,718,"Somerset, MD"
1212,590,"Talbot, MD"
1213,3761,"Washington, MD"
1214,1705,"Wicomico, MD"
1215,1085,"Worcester, MD"
1216,16533,"Baltimore city, MD"
1217,3727,"Barnstable, MA"
1218,1819,"Berkshire, MA"
1219,11385,"Bristol, MA"
1220,100,"Dukes, MA"
1221,16068,"Essex, MA"
1222,1010,"Franklin, MA"
1223,9919,"Hampden, MA"
1224,1850,"Hampshire, MA"
1225,24267,"Middlesex, MA"
1226,82,"Nantucket, MA"
1227,12967,"Norfolk, MA"
1228,11140,"Plymouth, MA"
1229,13474,"Suffolk, MA"
1230,15431,"Worcester, MA"
1231,210,"Alcona, MI"
1232,123,"Alger, MI"
1233,1659,"Allegan, MI"
1234,296,"Alpena, MI"
1235,421,"Antrim, MI"
1236,300,"Arenac, MI"
1237,84,"Baraga, MI"
1238,904,"Barry, MI"
1239,1444,"Bay, MI"
1240,267,"Benzie, MI"
1241,2932,"Berrien, MI"
1242,614,"Branch, MI"
1243,2185,"Calhoun, MI"
1244,1091,"Cass, MI"
1245,427,"Charlevoix, MI"
1246,321,"Cheboygan, MI"
1247,611,"Chippewa, MI"
1248,718,"Clare, MI"
1249,951,"Clinton, MI"
1250,199,"Crawford, MI"
1251,575,"Delta, MI"
1252,270,"Dickinson, MI"
1253,1993,"Eaton, MI"
1254,404,"Emmet, MI"
1255,8200,"Genesee, MI"
1256,455,"Gladwin, MI"
1257,158,"Gogebic, MI"
1258,1324,"Grand Traverse, MI"
1259,422,"Gratiot, MI"
1260,791,"Hillsdale, MI"
1261,268,"Houghton, MI"
1262,299,"Huron, MI"
1263,4131,"Ingham, MI"
1264,1161,"Ionia, MI"
1265,381,"Iosco, MI"
1266,62,"Iron, MI"
1267,777,"Isabella, MI"
1268,2862,"Jackson, MI"
1269,3408,"Kalamazoo, MI"
1270,416,"Kalkaska, MI"
1271,10254,"Kent, MI"
1272,5,"Keweenaw, MI"
1273,202,"Lake, MI"
1274,1919,"Lapeer, MI"
1275,269,"Leelanau, MI"
1276,1577,"Lenawee, MI"
1277,2946,"Livingston, MI"
1278,80,"Luce, MI"
1279,238,"Mackinac, MI"
1280,16086,"Macomb, MI"
1281,358,"Manistee, MI"
1282,645,"Marquette, MI"
1283,452,"Mason, MI"
1284,460,"Mecosta, MI"
1285,388,"Menominee, MI"
1286,1036,"Midland, MI"
1287,232,"Missaukee, MI"
1288,2693,"Monroe, MI"
1289,1071,"Montcalm, MI"
1290,242,"Montmorency, MI"
1291,3866,"Muskegon, MI"
1292,1217,"Newaygo, MI"
1293,18665,"Oakland, MI"
1294,568,"Oceana, MI"
1295,367,"Ogemaw, MI"
1296,77,"Ontonagon, MI"
1297,375,"Osceola, MI"
1298,101,"Oscoda, MI"
1299,392,"Otsego, MI"
1300,4285,"Ottawa, MI"
1301,252,"Presque Isle, MI"
1302,315,"Roscommon, MI"
1303,3485,"Saginaw, MI"
1304,3162,"St. Clair, MI"
1305,1196,"St. Joseph, MI"
1306,601,"Sanilac, MI"
1307,106,"Schoolcraft, MI"
1308,1076,"Shiawassee, MI"
1309,1004,"Tuscola, MI"
1310,1420,"Van Buren, MI"
1311,4207,"Washtenaw, MI"
1312,41788,"Wayne, MI"
1313,548,"Wexford, MI"
1314,157,"Aitkin, MN"
1315,6293,"Anoka, MN"
1316,581,"Becker, MN"
1317,843,"Beltrami, MN"
1318,362,"Benton, MN"
1319,20,"Big Stone, MN"
1320,428,"Blue Earth, MN"
1321,153,"Brown, MN"
1322,573,"Carlton, MN"
1323,888,"Carver, MN"
1324,504,"Cass, MN"
1325,106,"Chippewa, MN"
1326,769,"Chisago, MN"
1327,519,"Clay, MN"
1328,125,"Clearwater, MN"
1329,56,"Cook, MN"
1330,199,"Cottonwood, MN"
1331,482,"Crow Wing, MN"
1332,4653,"Dakota, MN"
1333,310,"Dodge, MN"
1334,227,"Douglas, MN"
1335,144,"Faribault, MN"
1336,207,"Fillmore, MN"
1337,290,"Freeborn, MN"
1338,655,"Goodhue, MN"
1339,73,"Grant, MN"
1340,13614,"Hennepin, MN"
1341,129,"Houston, MN"
1342,280,"Hubbard, MN"
1343,779,"Isanti, MN"
1344,965,"Itasca, MN"
1345,118,"Jackson, MN"
1346,245,"Kanabec, MN"
1347,563,"Kandiyohi, MN"
1348,23,"Kittson, MN"
1349,86,"Koochiching, MN"
1350,59,"Lac qui Parle, MN"
1351,141,"Lake, MN"
1352,23,"Lake of the Woods, MN"
1353,341,"Le Sueur, MN"
1354,43,"Lincoln, MN"
1355,165,"Lyon, MN"
1356,408,"McLeod, MN"
1357,183,"Mahnomen, MN"
1358,96,"Marshall, MN"
1359,108,"Martin, MN"
1360,238,"Meeker, MN"
1361,485,"Mille Lacs, MN"
1362,295,"Morrison, MN"
1363,422,"Mower, MN"
1364,54,"Murray, MN"
1365,300,"Nicollet, MN"
1366,171,"Nobles, MN"
1367,53,"Norman, MN"
1368,1707,"Olmsted, MN"
1369,559,"Otter Tail, MN"
1370,85,"Pennington, MN"
1371,401,"Pine, MN"
1372,76,"Pipestone, MN"
1373,189,"Polk, MN"
1374,86,"Pope, MN"
1375,8928,"Ramsey, MN"
1376,41,"Red Lake, MN"
1377,131,"Redwood, MN"
1378,104,"Renville, MN"
1379,633,"Rice, MN"
1380,60,"Rock, MN"
1381,126,"Roseau, MN"
1382,2140,"St. Louis, MN"
1383,2015,"Scott, MN"
1384,1165,"Sherburne, MN"
1385,171,"Sibley, MN"
1386,1197,"Stearns, MN"
1387,380,"Steele, MN"
1388,78,"Stevens, MN"
1389,120,"Swift, MN"
1390,388,"Todd, MN"
1391,44,"Traverse, MN"
1392,279,"Wabasha, MN"
1393,66,"Wadena, MN"
1394,198,"Waseca, MN"
1395,3588,"Washington, MN"
1396,169,"Watonwan, MN"
1397,57,"Wilkin, MN"
1398,534,"Winona, MN"
1399,1252,"Wright, MN"
1400,53,"Yellow Medicine, MN"
1401,1050,"Adams, MS"
1402,906,"Alcorn, MS"
1403,296,"Amite, MS"
1404,762,"Attala, MS"
1405,198,"Benton, MS"
1406,973,"Bolivar, MS"
1407,442,"Calhoun, MS"
1408,229,"Carroll, MS"
1409,510,"Chickasaw, MS"
1410,219,"Choctaw, MS"
1411,379,"Claiborne, MS"
1412,559,"Clarke, MS"
1413,719,"Clay, MS"
1414,977,"Coahoma, MS"
1415,1027,"Copiah, MS"
1416,664,"Covington, MS"
1417,4955,"DeSoto, MS"
1418,1943,"Forrest, MS"
1419,373,"Franklin, MS"
1420,548,"George, MS"
1421,268,"Greene, MS"
1422,627,"Grenada, MS"
1423,1733,"Hancock, MS"
1424,4537,"Harrison, MS"
1425,7522,"Hinds, MS"
1426,988,"Holmes, MS"
1427,372,"Humphreys, MS"
1428,33,"Issaquena, MS"
1429,913,"Itawamba, MS"
1430,4225,"Jackson, MS"
1431,549,"Jasper, MS"
1432,309,"Jefferson, MS"
1433,520,"Jefferson Davis, MS"
1434,2230,"Jones, MS"
1435,213,"Kemper, MS"
1436,889,"Lafayette, MS"
1437,1422,"Lamar, MS"
1438,2047,"Lauderdale, MS"
1439,412,"Lawrence, MS"
1440,874,"Leake, MS"
1441,2579,"Lee, MS"
1442,1095,"Leflore, MS"
1443,867,"Lincoln, MS"
1444,1831,"Lowndes, MS"
1445,1777,"Madison, MS"
1446,805,"Marion, MS"
1447,765,"Marshall, MS"
1448,959,"Monroe, MS"
1449,111,"Montgomery, MS"
1450,1238,"Neshoba, MS"
1451,653,"Newton, MS"
1452,330,"Noxubee, MS"
1453,478,"Oktibbeha, MS"
1454,1517,"Panola, MS"
1455,2020,"Pearl River, MS"
1456,470,"Perry, MS"
1457,1382,"Pike, MS"
1458,809,"Pontotoc, MS"
1459,978,"Prentiss, MS"
1460,289,"Quitman, MS"
1461,3584,"Rankin, MS"
1462,957,"Scott, MS"
1463,207,"Sharkey, MS"
1464,1328,"Simpson, MS"
1465,589,"Smith, MS"
1466,510,"Stone, MS"
1467,1255,"Sunflower, MS"
1468,445,"Tallahatchie, MS"
1469,1250,"Tate, MS"
1470,719,"Tippah, MS"
1471,495,"Tishomingo, MS"
1472,317,"Tunica, MS"
1473,602,"Union, MS"
1474,386,"Walthall, MS"
1475,1374,"Warren, MS"
1476,1896,"Washington, MS"
1477,528,"Wayne, MS"
1478,341,"Webster, MS"
1479,331,"Wilkinson, MS"
1480,575,"Winston, MS"
1481,299,"Yalobusha, MS"
1482,1248,"Yazoo, MS"
1483,308,"Adair, MO"
1484,431,"Andrew, MO"
1485,51,"Atchison, MO"
1486,448,"Audrain, MO"
1487,885,"Barry, MO"
1488,318,"Barton, MO"
1489,382,"Bates, MO"
1490,309,"Benton, MO"
1491,267,"Bollinger, MO"
1492,2645,"Boone, MO"
1493,1957,"Buchanan, MO"
1494,1428,"Butler, MO"
1495,140,"Caldwell, MO"
1496,1310,"Callaway, MO"
1497,773,"Camden, MO"
1498,1068,"Cape Girardeau, MO"
1499,207,"Carroll, MO"
1500,80,"Carter, MO"
1501,2339,"Cass, MO"
1502,341,"Cedar, MO"
1503,124,"Chariton, MO"
1504,1261,"Christian, MO"
1505,145,"Clark, MO"
1506,4750,"Clay, MO"
1507,257,"Clinton, MO"
1508,810,"Cole, MO"
1509,247,"Cooper, MO"
1510,912,"Crawford, MO"
1511,165,"Dade, MO"
1512,340,"Dallas, MO"
1513,232,"Daviess, MO"
1514,133,"DeKalb, MO"
1515,328,"Dent, MO"
1516,133,"Douglas, MO"
1517,542,"Dunklin, MO"
1518,2370,"Franklin, MO"
1519,253,"Gasconade, MO"
1520,122,"Gentry, MO"
1521,4101,"Greene, MO"
1522,196,"Grundy, MO"
1523,114,"Harrison, MO"
1524,530,"Henry, MO"
1525,215,"Hickory, MO"
1526,72,"Holt, MO"
1527,233,"Howard, MO"
1528,804,"Howell, MO"
1529,257,"Iron, MO"
1530,12397,"Jackson, MO"
1531,2374,"Jasper, MO"
1532,5323,"Jefferson, MO"
1533,797,"Johnson, MO"
1534,55,"Knox, MO"
1535,747,"Laclede, MO"
1536,631,"Lafayette, MO"
1537,1085,"Lawrence, MO"
1538,210,"Lewis, MO"
1539,1631,"Lincoln, MO"
1540,232,"Linn, MO"
1541,213,"Livingston, MO"
1542,587,"McDonald, MO"
1543,173,"Macon, MO"
1544,242,"Madison, MO"
1545,195,"Maries, MO"
1546,522,"Marion, MO"
1547,59,"Mercer, MO"
1548,810,"Miller, MO"
1549,259,"Mississippi, MO"
1550,225,"Moniteau, MO"
1551,161,"Monroe, MO"
1552,254,"Montgomery, MO"
1553,505,"Morgan, MO"
1554,565,"New Madrid, MO"
1555,1129,"Newton, MO"
1556,194,"Nodaway, MO"
1557,188,"Oregon, MO"
1558,199,"Osage, MO"
1559,284,"Ozark, MO"
1560,687,"Pemiscot, MO"
1561,359,"Perry, MO"
1562,841,"Pettis, MO"
1563,963,"Phelps, MO"
1564,492,"Pike, MO"
1565,1505,"Platte, MO"
1566,673,"Polk, MO"
1567,867,"Pulaski, MO"
1568,33,"Putnam, MO"
1569,204,"Ralls, MO"
1570,413,"Randolph, MO"
1571,437,"Ray, MO"
1572,146,"Reynolds, MO"
1573,331,"Ripley, MO"
1574,6769,"St. Charles, MO"
1575,171,"St. Clair, MO"
1576,407,"Ste. Genevieve, MO"
1577,1290,"St. Francois, MO"
1578,16368,"St. Louis, MO"
1579,529,"Saline, MO"
1580,70,"Schuyler, MO"
1581,24,"Scotland, MO"
1582,994,"Scott, MO"
1583,188,"Shannon, MO"
1584,117,"Shelby, MO"
1585,745,"Stoddard, MO"
1586,569,"Stone, MO"
1587,250,"Sullivan, MO"
1588,1375,"Taney, MO"
1589,473,"Texas, MO"
1590,497,"Vernon, MO"
1591,793,"Warren, MO"
1592,658,"Washington, MO"
1593,407,"Wayne, MO"
1594,1079,"Webster, MO"
1595,18,"Worth, MO"
1596,422,"Wright, MO"
1597,6462,"St. Louis city, MO"
1598,151,"Beaverhead, MT"
1599,850,"Big Horn, MT"
1600,311,"Blaine, MT"
1601,82,"Broadwater, MT"
1602,104,"Carbon, MT"
1603,0,"Carter, MT"
1604,1378,"Cascade, MT"
1605,159,"Chouteau, MT"
1606,174,"Custer, MT"
1607,0,"Daniels, MT"
1608,142,"Dawson, MT"
1609,187,"Deer Lodge, MT"
1610,22,"Fallon, MT"
1611,115,"Fergus, MT"
1612,1132,"Flathead, MT"
1613,811,"Gallatin, MT"
1614,3,"Garfield, MT"
1615,560,"Glacier, MT"
1616,25,"Golden Valley, MT"
1617,44,"Granite, MT"
1618,432,"Hill, MT"
1619,126,"Jefferson, MT"
1620,13,"Judith Basin, MT"
1621,876,"Lake, MT"
1622,866,"Lewis and Clark, MT"
1623,0,"Liberty, MT"
1624,268,"Lincoln, MT"
1625,2,"McCone, MT"
1626,50,"Madison, MT"
1627,20,"Meagher, MT"
1628,66,"Mineral, MT"
1629,1134,"Missoula, MT"
1630,39,"Musselshell, MT"
1631,67,"Park, MT"
1632,0,"Petroleum, MT"
1633,55,"Phillips, MT"
1634,118,"Pondera, MT"
1635,9,"Powder River, MT"
1636,112,"Powell, MT"
1637,5,"Prairie, MT"
1638,761,"Ravalli, MT"
1639,192,"Richland, MT"
1640,371,"Roosevelt, MT"
1641,244,"Rosebud, MT"
1642,169,"Sanders, MT"
1643,12,"Sheridan, MT"
1644,477,"Silver Bow, MT"
1645,131,"Stillwater, MT"
1646,71,"Sweet Grass, MT"
1647,70,"Teton, MT"
1648,42,"Toole, MT"
1649,4,"Treasure, MT"
1650,151,"Valley, MT"
1651,28,"Wheatland, MT"
1652,9,"Wibaux, MT"
1653,2376,"Yellowstone, MT"
1654,336,"Adams, NE"
1655,85,"Antelope, NE"
1656,0,"Arthur, NE"
1657,14,"Banner, NE"
1658,0,"Blaine, NE"
1659,84,"Boone, NE"
1660,171,"Box Butte, NE"
1661,20,"Boyd, NE"
1662,14,"Brown, NE"
1663,509,"Buffalo, NE"
1664,78,"Burt, NE"
1665,138,"Butler, NE"
1666,505,"Cass, NE"
1667,71,"Cedar, NE"
1668,21,"Chase, NE"
1669,59,"Cherry, NE"
1670,171,"Cheyenne, NE"
1671,63,"Clay, NE"
1672,94,"Colfax, NE"
1673,76,"Cuming, NE"
1674,106,"Custer, NE"
1675,666,"Dakota, NE"
1676,52,"Dawes, NE"
1677,385,"Dawson, NE"
1678,19,"Deuel, NE"
1679,94,"Dixon, NE"
1680,378,"Dodge, NE"
1681,8268,"Douglas, NE"
1682,25,"Dundy, NE"
1683,44,"Fillmore, NE"
1684,43,"Franklin, NE"
1685,27,"Frontier, NE"
1686,102,"Furnas, NE"
1687,166,"Gage, NE"
1688,23,"Garden, NE"
1689,23,"Garfield, NE"
1690,20,"Gosper, NE"
1691,0,"Grant, NE"
1692,16,"Greeley, NE"
1693,1287,"Hall, NE"
1694,100,"Hamilton, NE"
1695,43,"Harlan, NE"
1696,20,"Hayes, NE"
1697,25,"Hitchcock, NE"
1698,107,"Holt, NE"
1699,11,"Hooker, NE"
1700,51,"Howard, NE"
1701,81,"Jefferson, NE"
1702,23,"Johnson, NE"
1703,23,"Kearney, NE"
1704,44,"Keith, NE"
1705,2,"Keya Paha, NE"
1706,60,"Kimball, NE"
1707,92,"Knox, NE"
1708,3178,"Lancaster, NE"
1709,393,"Lincoln, NE"
1710,10,"Logan, NE"
1711,10,"Loup, NE"
1712,3,"McPherson, NE"
1713,279,"Madison, NE"
1714,80,"Merrick, NE"
1715,128,"Morrill, NE"
1716,16,"Nance, NE"
1717,41,"Nemaha, NE"
1718,60,"Nuckolls, NE"
1719,237,"Otoe, NE"
1720,30,"Pawnee, NE"
1721,26,"Perkins, NE"
1722,59,"Phelps, NE"
1723,59,"Pierce, NE"
1724,394,"Platte, NE"
1725,42,"Polk, NE"
1726,85,"Red Willow, NE"
1727,55,"Richardson, NE"
1728,17,"Rock, NE"
1729,65,"Saline, NE"
1730,3363,"Sarpy, NE"
1731,314,"Saunders, NE"
1732,669,"Scotts Bluff, NE"
1733,83,"Seward, NE"
1734,85,"Sheridan, NE"
1735,19,"Sherman, NE"
1736,13,"Sioux, NE"
1737,88,"Stanton, NE"
1738,35,"Thayer, NE"
1739,0,"Thomas, NE"
1740,389,"Thurston, NE"
1741,33,"Valley, NE"
1742,156,"Washington, NE"
1743,10,"Wayne, NE"
1744,36,"Webster, NE"
1745,22,"Wheeler, NE"
1746,198,"York, NE"
1747,321,"Churchill, NV"
1748,57749,"Clark, NV"
1749,651,"Douglas, NV"
1750,973,"Elko, NV"
1751,0,"Esmeralda, NV"
1752,74,"Eureka, NV"
1753,367,"Humboldt, NV"
1754,59,"Lander, NV"
1755,28,"Lincoln, NV"
1756,1701,"Lyon, NV"
1757,97,"Mineral, NV"
1758,781,"Nye, NV"
1759,177,"Pershing, NV"
1760,60,"Storey, NV"
1761,9185,"Washoe, NV"
1762,224,"White Pine, NV"
1763,1372,"Carson City, NV"
1764,901,"Belknap, NH"
1765,472,"Carroll, NH"
1766,1046,"Cheshire, NH"
1767,496,"Coos, NH"
1768,1161,"Grafton, NH"
1769,8029,"Hillsborough, NH"
1770,2495,"Merrimack, NH"
1771,5340,"Rockingham, NH"
1772,1969,"Strafford, NH"
1773,856,"Sullivan, NH"
1774,7718,"Atlantic, NJ"
1775,18691,"Bergen, NJ"
1776,9973,"Burlington, NJ"
1777,12721,"Camden, NJ"
1778,1559,"Cape May, NJ"
1779,4111,"Cumberland, NJ"
1780,19475,"Essex, NJ"
1781,7369,"Gloucester, NJ"
1782,16092,"Hudson, NJ"
1783,1383,"Hunterdon, NJ"
1784,8420,"Mercer, NJ"
1785,22112,"Middlesex, NJ"
1786,10926,"Monmouth, NJ"
1787,7078,"Morris, NJ"
1788,9067,"Ocean, NJ"
1789,15486,"Passaic, NJ"
1790,1788,"Salem, NJ"
1791,6860,"Somerset, NJ"
1792,2626,"Sussex, NJ"
1793,13975,"Union, NJ"
1794,1786,"Warren, NJ"
1795,14596,"Bernalillo, NM"
1796,33,"Catron, NM"
1797,1861,"Chaves, NM"
1798,1388,"Cibola, NM"
1799,283,"Colfax, NM"
1800,1014,"Curry, NM"
1801,54,"De Baca, NM"
1802,5778,"Do√±a Ana, NM"
1803,1580,"Eddy, NM"
1804,443,"Grant, NM"
1805,131,"Guadalupe, NM"
1806,6,"Harding, NM"
1807,120,"Hidalgo, NM"
1808,2438,"Lea, NM"
1809,606,"Lincoln, NM"
1810,160,"Los Alamos, NM"
1811,730,"Luna, NM"
1812,3451,"McKinley, NM"
1813,0,"Mora, NM"
1814,1664,"Otero, NM"
1815,159,"Quay, NM"
1816,1247,"Rio Arriba, NM"
1817,570,"Roosevelt, NM"
1818,3920,"Sandoval, NM"
1819,4982,"San Juan, NM"
1820,857,"San Miguel, NM"
1821,3079,"Santa Fe, NM"
1822,158,"Sierra, NM"
1823,645,"Socorro, NM"
1824,998,"Taos, NM"
1825,415,"Torrance, NM"
1826,46,"Union, NM"
1827,2185,"Valencia, NM"
1828,4275,"Albany, NY"
1829,721,"Allegany, NY"
1830,47066,"Bronx, NY"
1831,2672,"Broome, NY"
1832,1308,"Cattaraugus, NY"
1833,1391,"Cayuga, NY"
1834,1913,"Chautauqua, NY"
1835,1392,"Chemung, NY"
1836,1020,"Chenango, NY"
1837,1287,"Clinton, NY"
1838,1069,"Columbia, NY"
1839,708,"Cortland, NY"
1840,658,"Delaware, NY"
1841,5334,"Dutchess, NY"
1842,12528,"Erie, NY"
1843,723,"Essex, NY"
1844,576,"Franklin, NY"
1845,1019,"Fulton, NY"
1846,1016,"Genesee, NY"
1847,853,"Greene, NY"
1848,74,"Hamilton, NY"
1849,1092,"Herkimer, NY"
1850,1563,"Jefferson, NY"
1851,71846,"Kings, NY"
1852,504,"Lewis, NY"
1853,735,"Livingston, NY"
1854,995,"Madison, NY"
1855,10921,"Monroe, NY"
1856,896,"Montgomery, NY"
1857,33922,"Nassau, NY"
1858,25532,"New York, NY"
1859,3330,"Niagara, NY"
1860,3467,"Oneida, NY"
1861,7667,"Onondaga, NY"
1862,1525,"Ontario, NY"
1863,8457,"Orange, NY"
1864,718,"Orleans, NY"
1865,2364,"Oswego, NY"
1866,1024,"Otsego, NY"
1867,1896,"Putnam, NY"
1868,78839,"Queens, NY"
1869,2619,"Rensselaer, NY"
1870,12401,"Richmond, NY"
1871,6733,"Rockland, NY"
1872,1597,"St. Lawrence, NY"
1873,3180,"Saratoga, NY"
1874,2963,"Schenectady, NY"
1875,610,"Schoharie, NY"
1876,228,"Schuyler, NY"
1877,515,"Seneca, NY"
1878,1506,"Steuben, NY"
1879,38130,"Suffolk, NY"
1880,1564,"Sullivan, NY"
1881,1086,"Tioga, NY"
1882,1078,"Tompkins, NY"
1883,2860,"Ulster, NY"
1884,762,"Warren, NY"
1885,1293,"Washington, NY"
1886,1311,"Wayne, NY"
1887,19023,"Westchester, NY"
1888,498,"Wyoming, NY"
1889,375,"Yates, NY"
1890,3277,"Alamance, NC"
1891,753,"Alexander, NC"
1892,282,"Alleghany, NC"
1893,1181,"Anson, NC"
1894,561,"Ashe, NC"
1895,261,"Avery, NC"
1896,1124,"Beaufort, NC"
1897,628,"Bertie, NC"
1898,1012,"Bladen, NC"
1899,2291,"Brunswick, NC"
1900,3750,"Buncombe, NC"
1901,2493,"Burke, NC"
1902,3923,"Cabarrus, NC"
1903,2368,"Caldwell, NC"
1904,324,"Camden, NC"
1905,1202,"Carteret, NC"
1906,584,"Caswell, NC"
1907,3779,"Catawba, NC"
1908,1095,"Chatham, NC"
1909,708,"Cherokee, NC"
1910,395,"Chowan, NC"
1911,423,"Clay, NC"
1912,2606,"Cleveland, NC"
1913,1875,"Columbus, NC"
1914,1814,"Craven, NC"
1915,7980,"Cumberland, NC"
1916,391,"Currituck, NC"
1917,498,"Dare, NC"
1918,4115,"Davidson, NC"
1919,764,"Davie, NC"
1920,1814,"Duplin, NC"
1921,5563,"Durham, NC"
1922,1647,"Edgecombe, NC"
1923,7221,"Forsyth, NC"
1924,1341,"Franklin, NC"
1925,5741,"Gaston, NC"
1926,425,"Gates, NC"
1927,289,"Graham, NC"
1928,1327,"Granville, NC"
1929,449,"Greene, NC"
1930,9703,"Guilford, NC"
1931,1912,"Halifax, NC"
1932,2557,"Harnett, NC"
1933,1291,"Haywood, NC"
1934,2286,"Henderson, NC"
1935,468,"Hertford, NC"
1936,1250,"Hoke, NC"
1937,117,"Hyde, NC"
1938,3289,"Iredell, NC"
1939,542,"Jackson, NC"
1940,4827,"Johnston, NC"
1941,159,"Jones, NC"
1942,1107,"Lee, NC"
1943,1739,"Lenoir, NC"
1944,2341,"Lincoln, NC"
1945,1144,"McDowell, NC"
1946,562,"Macon, NC"
1947,534,"Madison, NC"
1948,674,"Martin, NC"
1949,18086,"Mecklenburg, NC"
1950,220,"Mitchell, NC"
1951,555,"Montgomery, NC"
1952,1424,"Moore, NC"
1953,3180,"Nash, NC"
1954,3169,"New Hanover, NC"
1955,661,"Northampton, NC"
1956,2442,"Onslow, NC"
1957,1700,"Orange, NC"
1958,303,"Pamlico, NC"
1959,913,"Pasquotank, NC"
1960,1343,"Pender, NC"
1961,420,"Perquimans, NC"
1962,1327,"Person, NC"
1963,3459,"Pitt, NC"
1964,286,"Polk, NC"
1965,3797,"Randolph, NC"
1966,1138,"Richmond, NC"
1967,4812,"Robeson, NC"
1968,2669,"Rockingham, NC"
1969,3366,"Rowan, NC"
1970,1744,"Rutherford, NC"
1971,2363,"Sampson, NC"
1972,1442,"Scotland, NC"
1973,1446,"Stanly, NC"
1974,894,"Stokes, NC"
1975,1332,"Surry, NC"
1976,352,"Swain, NC"
1977,728,"Transylvania, NC"
1978,88,"Tyrrell, NC"
1979,5445,"Union, NC"
1980,1416,"Vance, NC"
1981,16458,"Wake, NC"
1982,568,"Warren, NC"
1983,222,"Washington, NC"
1984,573,"Watauga, NC"
1985,2580,"Wayne, NC"
1986,1389,"Wilkes, NC"
1987,2280,"Wilson, NC"
1988,749,"Yadkin, NC"
1989,177,"Yancey, NC"
1990,4,"Adams, ND"
1991,45,"Barnes, ND"
1992,286,"Benson, ND"
1993,3,"Billings, ND"
1994,42,"Bottineau, ND"
1995,51,"Bowman, ND"
1996,24,"Burke, ND"
1997,895,"Burleigh, ND"
1998,1449,"Cass, ND"
1999,13,"Cavalier, ND"
2000,36,"Dickey, ND"
2001,8,"Divide, ND"
2002,61,"Dunn, ND"
2003,9,"Eddy, ND"
2004,10,"Emmons, ND"
2005,0,"Foster, ND"
2006,0,"Golden Valley, ND"
2007,601,"Grand Forks, ND"
2008,17,"Grant, ND"
2009,26,"Griggs, ND"
2010,29,"Hettinger, ND"
2011,18,"Kidder, ND"
2012,36,"LaMoure, ND"
2013,24,"Logan, ND"
2014,71,"McHenry, ND"
2015,12,"McIntosh, ND"
2016,129,"McKenzie, ND"
2017,86,"McLean, ND"
2018,92,"Mercer, ND"
2019,257,"Morton, ND"
2020,240,"Mountrail, ND"
2021,1,"Nelson, ND"
2022,17,"Oliver, ND"
2023,57,"Pembina, ND"
2024,14,"Pierce, ND"
2025,76,"Ramsey, ND"
2026,15,"Ransom, ND"
2027,6,"Renville, ND"
2028,82,"Richland, ND"
2029,554,"Rolette, ND"
2030,24,"Sargent, ND"
2031,11,"Sheridan, ND"
2032,267,"Sioux, ND"
2033,2,"Slope, ND"
2034,339,"Stark, ND"
2035,3,"Steele, ND"
2036,120,"Stutsman, ND"
2037,26,"Towner, ND"
2038,76,"Traill, ND"
2039,85,"Walsh, ND"
2040,585,"Ward, ND"
2041,34,"Wells, ND"
2042,343,"Williams, ND"
2043,698,"Adams, OH"
2044,1985,"Allen, OH"
2045,954,"Ashland, OH"
2046,2281,"Ashtabula, OH"
2047,745,"Athens, OH"
2048,808,"Auglaize, OH"
2049,1251,"Belmont, OH"
2050,1199,"Brown, OH"
2051,8455,"Butler, OH"
2052,587,"Carroll, OH"
2053,1129,"Champaign, OH"
2054,2888,"Clark, OH"
2055,4423,"Clermont, OH"
2056,957,"Clinton, OH"
2057,2429,"Columbiana, OH"
2058,569,"Coshocton, OH"
2059,717,"Crawford, OH"
2060,22009,"Cuyahoga, OH"
2061,703,"Darke, OH"
2062,905,"Defiance, OH"
2063,2553,"Delaware, OH"
2064,1295,"Erie, OH"
2065,3045,"Fairfield, OH"
2066,751,"Fayette, OH"
2067,23463,"Franklin, OH"
2068,792,"Fulton, OH"
2069,954,"Gallia, OH"
2070,1204,"Geauga, OH"
2071,2924,"Greene, OH"
2072,1101,"Guernsey, OH"
2073,14222,"Hamilton, OH"
2074,1072,"Hancock, OH"
2075,541,"Hardin, OH"
2076,259,"Harrison, OH"
2077,469,"Henry, OH"
2078,1011,"Highland, OH"
2079,807,"Hocking, OH"
2080,649,"Holmes, OH"
2081,1065,"Huron, OH"
2082,838,"Jackson, OH"
2083,1292,"Jefferson, OH"
2084,1160,"Knox, OH"
2085,3637,"Lake, OH"
2086,1892,"Lawrence, OH"
2087,3610,"Licking, OH"
2088,934,"Logan, OH"
2089,5141,"Lorain, OH"
2090,8631,"Lucas, OH"
2091,808,"Madison, OH"
2092,3439,"Mahoning, OH"
2093,1576,"Marion, OH"
2094,2696,"Medina, OH"
2095,705,"Meigs, OH"
2096,392,"Mercer, OH"
2097,1714,"Miami, OH"
2098,126,"Monroe, OH"
2099,10927,"Montgomery, OH"
2100,252,"Morgan, OH"
2101,1029,"Morrow, OH"
2102,1612,"Muskingum, OH"
2103,227,"Noble, OH"
2104,584,"Ottawa, OH"
2105,482,"Paulding, OH"
2106,1026,"Perry, OH"
2107,1540,"Pickaway, OH"
2108,856,"Pike, OH"
2109,2543,"Portage, OH"
2110,983,"Preble, OH"
2111,424,"Putnam, OH"
2112,2287,"Richland, OH"
2113,1740,"Ross, OH"
2114,1247,"Sandusky, OH"
2115,2362,"Scioto, OH"
2116,788,"Seneca, OH"
2117,714,"Shelby, OH"
2118,6032,"Stark, OH"
2119,8759,"Summit, OH"
2120,4372,"Trumbull, OH"
2121,1624,"Tuscarawas, OH"
2122,862,"Union, OH"
2123,529,"Van Wert, OH"
2124,624,"Vinton, OH"
2125,3157,"Warren, OH"
2126,1415,"Washington, OH"
2127,1865,"Wayne, OH"
2128,769,"Williams, OH"
2129,2047,"Wood, OH"
2130,421,"Wyandot, OH"
2131,799,"Adair, OK"
2132,82,"Alfalfa, OK"
2133,350,"Atoka, OK"
2134,112,"Beaver, OK"
2135,714,"Beckham, OK"
2136,243,"Blaine, OK"
2137,1071,"Bryan, OK"
2138,876,"Caddo, OK"
2139,2938,"Canadian, OK"
2140,1501,"Carter, OK"
2141,1242,"Cherokee, OK"
2142,420,"Choctaw, OK"
2143,35,"Cimarron, OK"
2144,4637,"Cleveland, OK"
2145,166,"Coal, OK"
2146,2354,"Comanche, OK"
2147,164,"Cotton, OK"
2148,385,"Craig, OK"
2149,1897,"Creek, OK"
2150,667,"Custer, OK"
2151,1341,"Delaware, OK"
2152,56,"Dewey, OK"
2153,70,"Ellis, OK"
2154,724,"Garfield, OK"
2155,880,"Garvin, OK"
2156,1439,"Grady, OK"
2157,81,"Grant, OK"
2158,279,"Greer, OK"
2159,51,"Harmon, OK"
2160,69,"Harper, OK"
2161,532,"Haskell, OK"
2162,347,"Hughes, OK"
2163,574,"Jackson, OK"
2164,220,"Jefferson, OK"
2165,396,"Johnston, OK"
2166,865,"Kay, OK"
2167,293,"Kingfisher, OK"
2168,236,"Kiowa, OK"
2169,321,"Latimer, OK"
2170,1496,"Le Flore, OK"
2171,992,"Lincoln, OK"
2172,1089,"Logan, OK"
2173,182,"Love, OK"
2174,944,"McClain, OK"
2175,1212,"McCurtain, OK"
2176,792,"McIntosh, OK"
2177,112,"Major, OK"
2178,562,"Marshall, OK"
2179,1190,"Mayes, OK"
2180,346,"Murray, OK"
2181,1751,"Muskogee, OK"
2182,259,"Noble, OK"
2183,256,"Nowata, OK"
2184,297,"Okfuskee, OK"
2185,16471,"Oklahoma, OK"
2186,1164,"Okmulgee, OK"
2187,1168,"Osage, OK"
2188,902,"Ottawa, OK"
2189,477,"Pawnee, OK"
2190,901,"Payne, OK"
2191,1247,"Pittsburg, OK"
2192,1132,"Pontotoc, OK"
2193,1985,"Pottawatomie, OK"
2194,372,"Pushmataha, OK"
2195,32,"Roger Mills, OK"
2196,2037,"Rogers, OK"
2197,1138,"Seminole, OK"
2198,1399,"Sequoyah, OK"
2199,966,"Stephens, OK"
2200,511,"Texas, OK"
2201,197,"Tillman, OK"
2202,12624,"Tulsa, OK"
2203,2041,"Wagoner, OK"
2204,980,"Washington, OK"
2205,176,"Washita, OK"
2206,152,"Woods, OK"
2207,393,"Woodward, OK"
2208,234,"Baker, OR"
2209,906,"Benton, OR"
2210,7333,"Clackamas, OR"
2211,895,"Clatsop, OR"
2212,1403,"Columbia, OR"
2213,1395,"Coos, OR"
2214,529,"Crook, OR"
2215,184,"Curry, OR"
2216,2762,"Deschutes, OR"
2217,2625,"Douglas, OR"
2218,68,"Gilliam, OR"
2219,77,"Grant, OR"
2220,84,"Harney, OR"
2221,444,"Hood River, OR"
2222,3659,"Jackson, OR"
2223,780,"Jefferson, OR"
2224,2108,"Josephine, OR"
2225,1282,"Klamath, OR"
2226,81,"Lake, OR"
2227,5267,"Lane, OR"
2228,1018,"Lincoln, OR"
2229,2296,"Linn, OR"
2230,674,"Malheur, OR"
2231,6289,"Marion, OR"
2232,313,"Morrow, OR"
2233,13364,"Multnomah, OR"
2234,1206,"Polk, OR"
2235,43,"Sherman, OR"
2236,361,"Tillamook, OR"
2237,1356,"Umatilla, OR"
2238,392,"Union, OR"
2239,122,"Wallowa, OR"
2240,437,"Wasco, OR"
2241,9048,"Washington, OR"
2242,24,"Wheeler, OR"
2243,2018,"Yamhill, OR"
2244,2060,"Adams, PA"
2245,16826,"Allegheny, PA"
2246,1202,"Armstrong, PA"
2247,3110,"Beaver, PA"
2248,1079,"Bedford, PA"
2249,8927,"Berks, PA"
2250,2601,"Blair, PA"
2251,1087,"Bradford, PA"
2252,11345,"Bucks, PA"
2253,2225,"Butler, PA"
2254,2104,"Cambria, PA"
2255,79,"Cameron, PA"
2256,1632,"Carbon, PA"
2257,1406,"Centre, PA"
2258,7390,"Chester, PA"
2259,384,"Clarion, PA"
2260,1512,"Clearfield, PA"
2261,522,"Clinton, PA"
2262,1159,"Columbia, PA"
2263,1226,"Crawford, PA"
2264,3486,"Cumberland, PA"
2265,5264,"Dauphin, PA"
2266,12690,"Delaware, PA"
2267,608,"Elk, PA"
2268,5068,"Erie, PA"
2269,2713,"Fayette, PA"
2270,52,"Forest, PA"
2271,2667,"Franklin, PA"
2272,269,"Fulton, PA"
2273,846,"Greene, PA"
2274,816,"Huntingdon, PA"
2275,1078,"Indiana, PA"
2276,803,"Jefferson, PA"
2277,389,"Juniata, PA"
2278,3407,"Lackawanna, PA"
2279,8667,"Lancaster, PA"
2280,2119,"Lawrence, PA"
2281,2209,"Lebanon, PA"
2282,7401,"Lehigh, PA"
2283,6103,"Luzerne, PA"
2284,1436,"Lycoming, PA"
2285,643,"McKean, PA"
2286,2440,"Mercer, PA"
2287,1017,"Mifflin, PA"
2288,5172,"Monroe, PA"
2289,13123,"Montgomery, PA"
2290,327,"Montour, PA"
2291,6181,"Northampton, PA"
2292,1410,"Northumberland, PA"
2293,828,"Perry, PA"
2294,42065,"Philadelphia, PA"
2295,1455,"Pike, PA"
2296,291,"Potter, PA"
2297,2679,"Schuylkill, PA"
2298,627,"Snyder, PA"
2299,1061,"Somerset, PA"
2300,139,"Sullivan, PA"
2301,730,"Susquehanna, PA"
2302,728,"Tioga, PA"
2303,720,"Union, PA"
2304,1072,"Venango, PA"
2305,684,"Warren, PA"
2306,3310,"Washington, PA"
2307,1014,"Wayne, PA"
2308,5162,"Westmoreland, PA"
2309,635,"Wyoming, PA"
2310,8986,"York, PA"
2311,745,"Bristol, RI"
2312,3189,"Kent, RI"
2313,1036,"Newport, RI"
2314,13829,"Providence, RI"
2315,1560,"Washington, RI"
2316,536,"Abbeville, SC"
2317,4271,"Aiken, SC"
2318,360,"Allendale, SC"
2319,5128,"Anderson, SC"
2320,567,"Bamberg, SC"
2321,478,"Barnwell, SC"
2322,3374,"Beaufort, SC"
2323,6084,"Berkeley, SC"
2324,376,"Calhoun, SC"
2325,6202,"Charleston, SC"
2326,1712,"Cherokee, SC"
2327,1137,"Chester, SC"
2328,1714,"Chesterfield, SC"
2329,1039,"Clarendon, SC"
2330,854,"Colleton, SC"
2331,2325,"Darlington, SC"
2332,1198,"Dillon, SC"
2333,3969,"Dorchester, SC"
2334,706,"Edgefield, SC"
2335,614,"Fairfield, SC"
2336,4525,"Florence, SC"
2337,1876,"Georgetown, SC"
2338,10438,"Greenville, SC"
2339,1504,"Greenwood, SC"
2340,810,"Hampton, SC"
2341,6928,"Horry, SC"
2342,538,"Jasper, SC"
2343,1551,"Kershaw, SC"
2344,2287,"Lancaster, SC"
2345,2467,"Laurens, SC"
2346,589,"Lee, SC"
2347,6012,"Lexington, SC"
2348,367,"McCormick, SC"
2349,1202,"Marion, SC"
2350,910,"Marlboro, SC"
2351,745,"Newberry, SC"
2352,1511,"Oconee, SC"
2353,2581,"Orangeburg, SC"
2354,2878,"Pickens, SC"
2355,9095,"Richland, SC"
2356,508,"Saluda, SC"
2357,8114,"Spartanburg, SC"
2358,2593,"Sumter, SC"
2359,1086,"Union, SC"
2360,1063,"Williamsburg, SC"
2361,5922,"York, SC"
2362,20,"Aurora, SD"
2363,185,"Beadle, SD"
2364,140,"Bennett, SD"
2365,43,"Bon Homme, SD"
2366,113,"Brookings, SD"
2367,275,"Brown, SD"
2368,105,"Brule, SD"
2369,192,"Buffalo, SD"
2370,139,"Butte, SD"
2371,18,"Campbell, SD"
2372,264,"Charles Mix, SD"
2373,13,"Clark, SD"
2374,61,"Clay, SD"
2375,236,"Codington, SD"
2376,230,"Corson, SD"
2377,138,"Custer, SD"
2378,26,"Davison, SD"
2379,47,"Day, SD"
2380,39,"Deuel, SD"
2381,287,"Dewey, SD"
2382,4,"Douglas, SD"
2383,74,"Edmunds, SD"
2384,30,"Fall River, SD"
2385,0,"Faulk, SD"
2386,20,"Grant, SD"
2387,52,"Gregory, SD"
2388,35,"Haakon, SD"
2389,46,"Hamlin, SD"
2390,6,"Hand, SD"
2391,57,"Hanson, SD"
2392,7,"Harding, SD"
2393,319,"Hughes, SD"
2394,54,"Hutchinson, SD"
2395,9,"Hyde, SD"
2396,219,"Jackson, SD"
2397,16,"Jerauld, SD"
2398,2,"Jones, SD"
2399,31,"Kingsbury, SD"
2400,188,"Lake, SD"
2401,159,"Lawrence, SD"
2402,407,"Lincoln, SD"
2403,185,"Lyman, SD"
2404,25,"McCook, SD"
2405,11,"McPherson, SD"
2406,41,"Marshall, SD"
2407,269,"Meade, SD"
2408,92,"Mellette, SD"
2409,3,"Miner, SD"
2410,2330,"Minnehaha, SD"
2411,81,"Moody, SD"
2412,1293,"Oglala Lakota, SD"
2413,1597,"Pennington, SD"
2414,36,"Perkins, SD"
2415,3,"Potter, SD"
2416,291,"Roberts, SD"
2417,5,"Sanborn, SD"
2418,64,"Spink, SD"
2419,18,"Stanley, SD"
2420,14,"Sully, SD"
2421,617,"Todd, SD"
2422,124,"Tripp, SD"
2423,23,"Turner, SD"
2424,181,"Union, SD"
2425,37,"Walworth, SD"
2426,161,"Yankton, SD"
2427,191,"Ziebach, SD"
2428,1757,"Anderson, TN"
2429,1575,"Bedford, TN"
2430,320,"Benton, TN"
2431,595,"Bledsoe, TN"
2432,3141,"Blount, TN"
2433,2635,"Bradley, TN"
2434,1245,"Campbell, TN"
2435,353,"Cannon, TN"
2436,646,"Carroll, TN"
2437,1632,"Carter, TN"
2438,1018,"Cheatham, TN"
2439,348,"Chester, TN"
2440,604,"Claiborne, TN"
2441,267,"Clay, TN"
2442,1105,"Cocke, TN"
2443,1998,"Coffee, TN"
2444,332,"Crockett, TN"
2445,1577,"Cumberland, TN"
2446,13108,"Davidson, TN"
2447,225,"Decatur, TN"
2448,513,"DeKalb, TN"
2449,1434,"Dickson, TN"
2450,878,"Dyer, TN"
2451,972,"Fayette, TN"
2452,633,"Fentress, TN"
2453,1292,"Franklin, TN"
2454,1276,"Gibson, TN"
2455,569,"Giles, TN"
2456,969,"Grainger, TN"
2457,1839,"Greene, TN"
2458,453,"Grundy, TN"
2459,1805,"Hamblen, TN"
2460,7365,"Hamilton, TN"
2461,248,"Hancock, TN"
2462,519,"Hardeman, TN"
2463,776,"Hardin, TN"
2464,2036,"Hawkins, TN"
2465,478,"Haywood, TN"
2466,708,"Henderson, TN"
2467,754,"Henry, TN"
2468,658,"Hickman, TN"
2469,231,"Houston, TN"
2470,294,"Humphreys, TN"
2471,458,"Jackson, TN"
2472,1624,"Jefferson, TN"
2473,541,"Johnson, TN"
2474,8868,"Knox, TN"
2475,134,"Lake, TN"
2476,1009,"Lauderdale, TN"
2477,1297,"Lawrence, TN"
2478,294,"Lewis, TN"
2479,726,"Lincoln, TN"
2480,1002,"Loudon, TN"
2481,1441,"McMinn, TN"
2482,766,"McNairy, TN"
2483,577,"Macon, TN"
2484,2560,"Madison, TN"
2485,1012,"Marion, TN"
2486,864,"Marshall, TN"
2487,2134,"Maury, TN"
2488,493,"Meigs, TN"
2489,1484,"Monroe, TN"
2490,3832,"Montgomery, TN"
2491,145,"Moore, TN"
2492,790,"Morgan, TN"
2493,765,"Obion, TN"
2494,495,"Overton, TN"
2495,191,"Perry, TN"
2496,207,"Pickett, TN"
2497,597,"Polk, TN"
2498,1864,"Putnam, TN"
2499,1228,"Rhea, TN"
2500,1485,"Roane, TN"
2501,1693,"Robertson, TN"
2502,6810,"Rutherford, TN"
2503,561,"Scott, TN"
2504,499,"Sequatchie, TN"
2505,3142,"Sevier, TN"
2506,22399,"Shelby, TN"
2507,598,"Smith, TN"
2508,204,"Stewart, TN"
2509,3786,"Sullivan, TN"
2510,5152,"Sumner, TN"
2511,2693,"Tipton, TN"
2512,225,"Trousdale, TN"
2513,414,"Unicoi, TN"
2514,637,"Union, TN"
2515,131,"Van Buren, TN"
2516,1239,"Warren, TN"
2517,1856,"Washington, TN"
2518,438,"Wayne, TN"
2519,695,"Weakley, TN"
2520,642,"White, TN"
2521,3021,"Williamson, TN"
2522,3311,"Wilson, TN"
2523,1377,"Anderson, TX"
2524,482,"Andrews, TX"
2525,2995,"Angelina, TX"
2526,710,"Aransas, TX"
2527,236,"Archer, TX"
2528,2,"Armstrong, TX"
2529,2130,"Atascosa, TX"
2530,477,"Austin, TX"
2531,261,"Bailey, TX"
2532,321,"Bandera, TX"
2533,2827,"Bastrop, TX"
2534,130,"Baylor, TX"
2535,880,"Bee, TX"
2536,8052,"Bell, TX"
2537,58813,"Bexar, TX"
2538,163,"Blanco, TX"
2539,0,"Borden, TX"
2540,506,"Bosque, TX"
2541,3057,"Bowie, TX"
2542,10403,"Brazoria, TX"
2543,3607,"Brazos, TX"
2544,308,"Brewster, TX"
2545,35,"Briscoe, TX"
2546,248,"Brooks, TX"
2547,1268,"Brown, TX"
2548,323,"Burleson, TX"
2549,1038,"Burnet, TX"
2550,1222,"Caldwell, TX"
2551,582,"Calhoun, TX"
2552,276,"Callahan, TX"
2553,17790,"Cameron, TX"
2554,507,"Camp, TX"
2555,18,"Carson, TX"
2556,841,"Cass, TX"
2557,365,"Castro, TX"
2558,912,"Chambers, TX"
2559,1397,"Cherokee, TX"
2560,134,"Childress, TX"
2561,183,"Clay, TX"
2562,135,"Cochran, TX"
2563,69,"Coke, TX"
2564,356,"Coleman, TX"
2565,20730,"Collin, TX"
2566,187,"Collingsworth, TX"
2567,335,"Colorado, TX"
2568,2868,"Comal, TX"
2569,372,"Comanche, TX"
2570,12,"Concho, TX"
2571,954,"Cooke, TX"
2572,1190,"Coryell, TX"
2573,51,"Cottle, TX"
2574,153,"Crane, TX"
2575,117,"Crockett, TX"
2576,244,"Crosby, TX"
2577,143,"Culberson, TX"
2578,111,"Dallam, TX"
2579,76071,"Dallas, TX"
2580,227,"Dawson, TX"
2581,389,"Deaf Smith, TX"
2582,80,"Delta, TX"
2583,16762,"Denton, TX"
2584,505,"DeWitt, TX"
2585,71,"Dickens, TX"
2586,429,"Dimmit, TX"
2587,55,"Donley, TX"
2588,491,"Duval, TX"
2589,547,"Eastland, TX"
2590,5730,"Ector, TX"
2591,20,"Edwards, TX"
2592,5478,"Ellis, TX"
2593,30623,"El Paso, TX"
2594,525,"Erath, TX"
2595,526,"Falls, TX"
2596,810,"Fannin, TX"
2597,419,"Fayette, TX"
2598,68,"Fisher, TX"
2599,89,"Floyd, TX"
2600,19,"Foard, TX"
2601,22116,"Fort Bend, TX"
2602,247,"Franklin, TX"
2603,424,"Freestone, TX"
2604,795,"Frio, TX"
2605,546,"Gaines, TX"
2606,8201,"Galveston, TX"
2607,131,"Garza, TX"
2608,411,"Gillespie, TX"
2609,6,"Glasscock, TX"
2610,174,"Goliad, TX"
2611,798,"Gonzales, TX"
2612,626,"Gray, TX"
2613,3771,"Grayson, TX"
2614,3839,"Gregg, TX"
2615,892,"Grimes, TX"
2616,4648,"Guadalupe, TX"
2617,1118,"Hale, TX"
2618,112,"Hall, TX"
2619,129,"Hamilton, TX"
2620,93,"Hansford, TX"
2621,156,"Hardeman, TX"
2622,1362,"Hardin, TX"
2623,130470,"Harris, TX"
2624,1909,"Harrison, TX"
2625,99,"Hartley, TX"
2626,198,"Haskell, TX"
2627,4262,"Hays, TX"
2628,62,"Hemphill, TX"
2629,2237,"Henderson, TX"
2630,33058,"Hidalgo, TX"
2631,1259,"Hill, TX"
2632,658,"Hockley, TX"
2633,1332,"Hood, TX"
2634,1162,"Hopkins, TX"
2635,446,"Houston, TX"
2636,1027,"Howard, TX"
2637,163,"Hudspeth, TX"
2638,2780,"Hunt, TX"
2639,523,"Hutchinson, TX"
2640,20,"Irion, TX"
2641,264,"Jack, TX"
2642,329,"Jackson, TX"
2643,929,"Jasper, TX"
2644,98,"Jeff Davis, TX"
2645,5794,"Jefferson, TX"
2646,232,"Jim Hogg, TX"
2647,1608,"Jim Wells, TX"
2648,4949,"Johnson, TX"
2649,427,"Jones, TX"
2650,292,"Karnes, TX"
2651,3990,"Kaufman, TX"
2652,1029,"Kendall, TX"
2653,11,"Kenedy, TX"
2654,9,"Kent, TX"
2655,1230,"Kerr, TX"
2656,149,"Kimble, TX"
2657,7,"King, TX"
2658,38,"Kinney, TX"
2659,829,"Kleberg, TX"
2660,78,"Knox, TX"
2661,1415,"Lamar, TX"
2662,301,"Lamb, TX"
2663,503,"Lampasas, TX"
2664,214,"La Salle, TX"
2665,243,"Lavaca, TX"
2666,248,"Lee, TX"
2667,407,"Leon, TX"
2668,2181,"Liberty, TX"
2669,555,"Limestone, TX"
2670,74,"Lipscomb, TX"
2671,355,"Live Oak, TX"
2672,614,"Llano, TX"
2673,0,"Loving, TX"
2674,7938,"Lubbock, TX"
2675,134,"Lynn, TX"
2676,254,"McCulloch, TX"
2677,6453,"McLennan, TX"
2678,13,"McMullen, TX"
2679,322,"Madison, TX"
2680,288,"Marion, TX"
2681,162,"Martin, TX"
2682,17,"Mason, TX"
2683,963,"Matagorda, TX"
2684,3083,"Maverick, TX"
2685,1934,"Medina, TX"
2686,39,"Menard, TX"
2687,4921,"Midland, TX"
2688,457,"Milam, TX"
2689,88,"Mills, TX"
2690,169,"Mitchell, TX"
2691,392,"Montague, TX"
2692,11261,"Montgomery, TX"
2693,806,"Moore, TX"
2694,595,"Morris, TX"
2695,21,"Motley, TX"
2696,1434,"Nacogdoches, TX"
2697,1442,"Navarro, TX"
2698,238,"Newton, TX"
2699,319,"Nolan, TX"
2700,11137,"Nueces, TX"
2701,262,"Ochiltree, TX"
2702,39,"Oldham, TX"
2703,2037,"Orange, TX"
2704,745,"Palo Pinto, TX"
2705,749,"Panola, TX"
2706,3387,"Parker, TX"
2707,181,"Parmer, TX"
2708,380,"Pecos, TX"
2709,1235,"Polk, TX"
2710,2659,"Potter, TX"
2711,230,"Presidio, TX"
2712,432,"Rains, TX"
2713,2416,"Randall, TX"
2714,178,"Reagan, TX"
2715,75,"Real, TX"
2716,372,"Red River, TX"
2717,390,"Reeves, TX"
2718,277,"Refugio, TX"
2719,8,"Roberts, TX"
2720,575,"Robertson, TX"
2721,2220,"Rockwall, TX"
2722,178,"Runnels, TX"
2723,1740,"Rusk, TX"
2724,141,"Sabine, TX"
2725,87,"San Augustine, TX"
2726,1167,"San Jacinto, TX"
2727,2235,"San Patricio, TX"
2728,107,"San Saba, TX"
2729,51,"Schleicher, TX"
2730,286,"Scurry, TX"
2731,75,"Shackelford, TX"
2732,783,"Shelby, TX"
2733,44,"Sherman, TX"
2734,6092,"Smith, TX"
2735,280,"Somervell, TX"
2736,3010,"Starr, TX"
2737,283,"Stephens, TX"
2738,16,"Sterling, TX"
2739,13,"Stonewall, TX"
2740,34,"Sutton, TX"
2741,133,"Swisher, TX"
2742,49825,"Tarrant, TX"
2743,3199,"Taylor, TX"
2744,0,"Terrell, TX"
2745,481,"Terry, TX"
2746,44,"Throckmorton, TX"
2747,856,"Titus, TX"
2748,2673,"Tom Green, TX"
2749,21275,"Travis, TX"
2750,470,"Trinity, TX"
2751,703,"Tyler, TX"
2752,1320,"Upshur, TX"
2753,14,"Upton, TX"
2754,794,"Uvalde, TX"
2755,1810,"Val Verde, TX"
2756,1887,"Van Zandt, TX"
2757,2744,"Victoria, TX"
2758,986,"Walker, TX"
2759,1007,"Waller, TX"
2760,391,"Ward, TX"
2761,860,"Washington, TX"
2762,13485,"Webb, TX"
2763,1043,"Wharton, TX"
2764,159,"Wheeler, TX"
2765,2837,"Wichita, TX"
2766,511,"Wilbarger, TX"
2767,710,"Willacy, TX"
2768,12289,"Williamson, TX"
2769,1396,"Wilson, TX"
2770,208,"Winkler, TX"
2771,1522,"Wise, TX"
2772,1020,"Wood, TX"
2773,233,"Yoakum, TX"
2774,331,"Young, TX"
2775,592,"Zapata, TX"
2776,538,"Zavala, TX"
2777,86,"Beaver, UT"
2778,886,"Box Elder, UT"
2779,1852,"Cache, UT"
2780,466,"Carbon, UT"
2781,0,"Daggett, UT"
2782,7004,"Davis, UT"
2783,426,"Duchesne, UT"
2784,124,"Emery, UT"
2785,107,"Garfield, UT"
2786,115,"Grand, UT"
2787,658,"Iron, UT"
2788,195,"Juab, UT"
2789,100,"Kane, UT"
2790,197,"Millard, UT"
2791,306,"Morgan, UT"
2792,26,"Piute, UT"
2793,19,"Rich, UT"
2794,27592,"Salt Lake, UT"
2795,492,"San Juan, UT"
2796,541,"Sanpete, UT"
2797,320,"Sevier, UT"
2798,411,"Summit, UT"
2799,1245,"Tooele, UT"
2800,918,"Uintah, UT"
2801,10737,"Utah, UT"
2802,517,"Wasatch, UT"
2803,3233,"Washington, UT"
2804,37,"Wayne, UT"
2805,5356,"Weber, UT"
2806,482,"Addison, VT"
2807,516,"Bennington, VT"
2808,660,"Caledonia, VT"
2809,1938,"Chittenden, VT"
2810,95,"Essex, VT"
2811,929,"Franklin, VT"
2812,90,"Grand Isle, VT"
2813,282,"Lamoille, VT"
2814,527,"Orange, VT"
2815,306,"Orleans, VT"
2816,618,"Rutland, VT"
2817,728,"Washington, VT"
2818,827,"Windham, VT"
2819,731,"Windsor, VT"
2820,669,"Accomack, VA"
2821,1919,"Albemarle, VA"
2822,337,"Alleghany, VA"
2823,351,"Amelia, VA"
2824,672,"Amherst, VA"
2825,380,"Appomattox, VA"
2826,2001,"Arlington, VA"
2827,1882,"Augusta, VA"
2828,161,"Bath, VA"
2829,1794,"Bedford, VA"
2830,161,"Bland, VA"
2831,550,"Botetourt, VA"
2832,501,"Brunswick, VA"
2833,642,"Buchanan, VA"
2834,331,"Buckingham, VA"
2835,1179,"Campbell, VA"
2836,834,"Caroline, VA"
2837,707,"Carroll, VA"
2838,191,"Charles City, VA"
2839,237,"Charlotte, VA"
2840,7262,"Chesterfield, VA"
2841,405,"Clarke, VA"
2842,100,"Craig, VA"
2843,1810,"Culpeper, VA"
2844,133,"Cumberland, VA"
2845,246,"Dickenson, VA"
2846,732,"Dinwiddie, VA"
2847,229,"Essex, VA"
2848,24041,"Fairfax, VA"
2849,2178,"Fauquier, VA"
2850,216,"Floyd, VA"
2851,563,"Fluvanna, VA"
2852,1289,"Franklin, VA"
2853,1721,"Frederick, VA"
2854,460,"Giles, VA"
2855,1021,"Gloucester, VA"
2856,703,"Goochland, VA"
2857,351,"Grayson, VA"
2858,406,"Greene, VA"
2859,201,"Greensville, VA"
2860,799,"Halifax, VA"
2861,1703,"Hanover, VA"
2862,6467,"Henrico, VA"
2863,992,"Henry, VA"
2864,61,"Highland, VA"
2865,628,"Isle of Wight, VA"
2866,1021,"James City, VA"
2867,216,"King and Queen, VA"
2868,742,"King George, VA"
2869,252,"King William, VA"
2870,112,"Lancaster, VA"
2871,690,"Lee, VA"
2872,8688,"Loudoun, VA"
2873,971,"Louisa, VA"
2874,206,"Lunenburg, VA"
2875,95,"Madison, VA"
2876,172,"Mathews, VA"
2877,1007,"Mecklenburg, VA"
2878,303,"Middlesex, VA"
2879,1303,"Montgomery, VA"
2880,463,"Nelson, VA"
2881,229,"New Kent, VA"
2882,234,"Northampton, VA"
2883,284,"Northumberland, VA"
2884,364,"Nottoway, VA"
2885,836,"Orange, VA"
2886,494,"Page, VA"
2887,492,"Patrick, VA"
2888,1624,"Pittsylvania, VA"
2889,614,"Powhatan, VA"
2890,733,"Prince Edward, VA"
2891,1163,"Prince George, VA"
2892,14550,"Prince William, VA"
2893,905,"Pulaski, VA"
2894,125,"Rappahannock, VA"
2895,157,"Richmond, VA"
2896,2000,"Roanoke, VA"
2897,747,"Rockbridge, VA"
2898,1464,"Rockingham, VA"
2899,613,"Russell, VA"
2900,722,"Scott, VA"
2901,714,"Shenandoah, VA"
2902,1086,"Smyth, VA"
2903,463,"Southampton, VA"
2904,4135,"Spotsylvania, VA"
2905,3856,"Stafford, VA"
2906,333,"Surry, VA"
2907,168,"Sussex, VA"
2908,1311,"Tazewell, VA"
2909,1153,"Warren, VA"
2910,1204,"Washington, VA"
2911,660,"Westmoreland, VA"
2912,1150,"Wise, VA"
2913,640,"Wythe, VA"
2914,1096,"York, VA"
2915,2206,"Alexandria city, VA"
2916,489,"Bristol city, VA"
2917,132,"Buena Vista city, VA"
2918,415,"Charlottesville city, VA"
2919,6665,"Chesapeake city, VA"
2920,567,"Colonial Heights city, VA"
2921,143,"Covington city, VA"
2922,876,"Danville city, VA"
2923,167,"Emporia city, VA"
2924,424,"Fairfax city, VA"
2925,158,"Falls Church city, VA"
2926,183,"Franklin city, VA"
2927,417,"Fredericksburg city, VA"
2928,78,"Galax city, VA"
2929,3388,"Hampton city, VA"
2930,722,"Harrisonburg city, VA"
2931,456,"Hopewell city, VA"
2932,29,"Lexington city, VA"
2933,943,"Lynchburg city, VA"
2934,1266,"Manassas city, VA"
2935,484,"Manassas Park city, VA"
2936,388,"Martinsville city, VA"
2937,3685,"Newport News city, VA"
2938,5573,"Norfolk city, VA"
2939,137,"Norton city, VA"
2940,805,"Petersburg city, VA"
2941,157,"Poquoson city, VA"
2942,2569,"Portsmouth city, VA"
2943,309,"Radford city, VA"
2944,4369,"Richmond city, VA"
2945,2093,"Roanoke city, VA"
2946,558,"Salem city, VA"
2947,320,"Staunton city, VA"
2948,2703,"Suffolk city, VA"
2949,11086,"Virginia Beach city, VA"
2950,856,"Waynesboro city, VA"
2951,82,"Williamsburg city, VA"
2952,608,"Winchester city, VA"
2953,641,"Adams, WA"
2954,376,"Asotin, WA"
2955,3143,"Benton, WA"
2956,1183,"Chelan, WA"
2957,1021,"Clallam, WA"
2958,9568,"Clark, WA"
2959,53,"Columbia, WA"
2960,2536,"Cowlitz, WA"
2961,938,"Douglas, WA"
2962,162,"Ferry, WA"
2963,2000,"Franklin, WA"
2964,12,"Garfield, WA"
2965,2293,"Grant, WA"
2966,1422,"Grays Harbor, WA"
2967,1011,"Island, WA"
2968,362,"Jefferson, WA"
2969,33949,"King, WA"
2970,4334,"Kitsap, WA"
2971,531,"Kittitas, WA"
2972,355,"Klickitat, WA"
2973,1841,"Lewis, WA"
2974,185,"Lincoln, WA"
2975,1715,"Mason, WA"
2976,747,"Okanogan, WA"
2977,466,"Pacific, WA"
2978,308,"Pend Oreille, WA"
2979,16559,"Pierce, WA"
2980,144,"San Juan, WA"
2981,2685,"Skagit, WA"
2982,165,"Skamania, WA"
2983,15739,"Snohomish, WA"
2984,7833,"Spokane, WA"
2985,868,"Stevens, WA"
2986,4479,"Thurston, WA"
2987,145,"Wahkiakum, WA"
2988,676,"Walla Walla, WA"
2989,3565,"Whatcom, WA"
2990,173,"Whitman, WA"
2991,7901,"Yakima, WA"
2992,324,"Barbour, WV"
2993,2924,"Berkeley, WV"
2994,581,"Boone, WV"
2995,300,"Braxton, WV"
2996,390,"Brooke, WV"
2997,1970,"Cabell, WV"
2998,125,"Calhoun, WV"
2999,274,"Clay, WV"
3000,198,"Doddridge, WV"
3001,1277,"Fayette, WV"
3002,19,"Gilmer, WV"
3003,208,"Grant, WV"
3004,879,"Greenbrier, WV"
3005,679,"Hampshire, WV"
3006,584,"Hancock, WV"
3007,208,"Hardy, WV"
3008,2260,"Harrison, WV"
3009,855,"Jackson, WV"
3010,1416,"Jefferson, WV"
3011,4723,"Kanawha, WV"
3012,455,"Lewis, WV"
3013,655,"Lincoln, WV"
3014,1007,"Logan, WV"
3015,659,"McDowell, WV"
3016,1047,"Marion, WV"
3017,542,"Marshall, WV"
3018,744,"Mason, WV"
3019,1773,"Mercer, WV"
3020,524,"Mineral, WV"
3021,729,"Mingo, WV"
3022,1699,"Monongalia, WV"
3023,74,"Monroe, WV"
3024,391,"Morgan, WV"
3025,640,"Nicholas, WV"
3026,879,"Ohio, WV"
3027,67,"Pendleton, WV"
3028,142,"Pleasants, WV"
3029,131,"Pocahontas, WV"
3030,660,"Preston, WV"
3031,1170,"Putnam, WV"
3032,1803,"Raleigh, WV"
3033,646,"Randolph, WV"
3034,195,"Ritchie, WV"
3035,383,"Roane, WV"
3036,349,"Summers, WV"
3037,368,"Taylor, WV"
3038,139,"Tucker, WV"
3039,228,"Tyler, WV"
3040,456,"Upshur, WV"
3041,1037,"Wayne, WV"
3042,319,"Webster, WV"
3043,471,"Wetzel, WV"
3044,16,"Wirt, WV"
3045,1936,"Wood, WV"
3046,646,"Wyoming, WV"
3047,252,"Adams, WI"
3048,248,"Ashland, WI"
3049,574,"Barron, WI"
3050,147,"Bayfield, WI"
3051,3086,"Brown, WI"
3052,129,"Buffalo, WI"
3053,215,"Burnett, WI"
3054,487,"Calumet, WI"
3055,673,"Chippewa, WI"
3056,391,"Clark, WI"
3057,606,"Columbia, WI"
3058,232,"Crawford, WI"
3059,3824,"Dane, WI"
3060,1134,"Dodge, WI"
3061,137,"Door, WI"
3062,469,"Douglas, WI"
3063,519,"Dunn, WI"
3064,1033,"Eau Claire, WI"
3065,66,"Florence, WI"
3066,1006,"Fond du Lac, WI"
3067,172,"Forest, WI"
3068,399,"Grant, WI"
3069,416,"Green, WI"
3070,216,"Green Lake, WI"
3071,261,"Iowa, WI"
3072,64,"Iron, WI"
3073,335,"Jackson, WI"
3074,929,"Jefferson, WI"
3075,332,"Juneau, WI"
3076,2666,"Kenosha, WI"
3077,156,"Kewaunee, WI"
3078,1492,"La Crosse, WI"
3079,209,"Lafayette, WI"
3080,188,"Langlade, WI"
3081,263,"Lincoln, WI"
3082,909,"Manitowoc, WI"
3083,1302,"Marathon, WI"
3084,415,"Marinette, WI"
3085,202,"Marquette, WI"
3086,342,"Menominee, WI"
3087,17066,"Milwaukee, WI"
3088,711,"Monroe, WI"
3089,471,"Oconto, WI"
3090,394,"Oneida, WI"
3091,1766,"Outagamie, WI"
3092,827,"Ozaukee, WI"
3093,65,"Pepin, WI"
3094,381,"Pierce, WI"
3095,517,"Polk, WI"
3096,482,"Portage, WI"
3097,147,"Price, WI"
3098,3336,"Racine, WI"
3099,188,"Richland, WI"
3100,2628,"Rock, WI"
3101,199,"Rusk, WI"
3102,964,"St. Croix, WI"
3103,921,"Sauk, WI"
3104,259,"Sawyer, WI"
3105,589,"Shawano, WI"
3106,1067,"Sheboygan, WI"
3107,203,"Taylor, WI"
3108,213,"Trempealeau, WI"
3109,248,"Vernon, WI"
3110,199,"Vilas, WI"
3111,1865,"Walworth, WI"
3112,221,"Washburn, WI"
3113,1274,"Washington, WI"
3114,3826,"Waukesha, WI"
3115,832,"Waupaca, WI"
3116,324,"Waushara, WI"
3117,1457,"Winnebago, WI"
3118,674,"Wood, WI"
3119,174,"Albany, WY"
3120,146,"Big Horn, WY"
3121,692,"Campbell, WY"
3122,156,"Carbon, WY"
3123,232,"Converse, WY"
3124,76,"Crook, WY"
3125,1107,"Fremont, WY"
3126,250,"Goshen, WY"
3127,54,"Hot Springs, WY"
3128,112,"Johnson, WY"
3129,1745,"Laramie, WY"
3130,441,"Lincoln, WY"
3131,1076,"Natrona, WY"
3132,68,"Niobrara, WY"
3133,392,"Park, WY"
3134,38,"Platte, WY"
3135,308,"Sheridan, WY"
3136,293,"Sublette, WY"
3137,707,"Sweetwater, WY"
3138,122,"Teton, WY"
3139,502,"Uinta, WY"
3140,76,"Washakie, WY"
3141,106,"Weston, WY"
